Created By Broughy1322,,"This sheet contains actual vehicle attributes taken directly from the game code. The most important attributes to vehicle performance are shown in an easy to read & understand format, but for the full story please see ""Handling Data (Full)"" sheet.",,,,,,,,,,,,,,,
Class,Vehicle,Speed,,,,,Acceleration,,,,,Braking,,Traction,,,Collisions
,,Engine (Stock),Max Upgrade,Engine (Maxed),Drag,Max Speed,Drivetrain,Power To Front,Gears,Upshift Rate,Downshift Rate,Brake Force,Brake Bias,Maximum Grip,Minimum Grip,Off-Road Grip Loss,Weight (kg)
Commercial,Benson,0.16,-,-,6,130,AWD,50%,5,0.9,0.9,0.25,0.65,1.75,1.55,0.9,"7,000"
Commercial,Biff,0.12,-,-,4,110,RWD,0%,5,1.3,1.3,0.3,0.6,1.65,1.45,0.5,"9,000"
Commercial,Cerberus,0.19,100,0.228,8,122,RWD,0%,3,1.8,1.8,0.25,0.65,1.7,1.5,0.6,"6,500"
Commercial,Hauler,0.16,-,-,12,115,RWD,0%,5,1.3,1.3,0.8,0.45,1.55,1.35,1,"9,000"
Commercial,Hauler Custom,0.32,100,0.384,13,130,RWD,0%,5,3,3,0.85,0.5,1.95,1.75,1,"11,000"
Commercial,Mule,0.11,-,-,6,100,RWD,0%,5,1.3,1.3,0.25,0.6,1.5,1.3,1,"5,500"
Commercial,Mule (Armored),0.17,-,-,10,100,RWD,0%,5,1.3,1.3,0.25,0.6,1.5,1.3,1,"12,500"
Commercial,Mule Custom,0.11,100,0.132,6,100,RWD,0%,5,1.3,1.3,0.25,0.6,1.5,1.3,1,"6,000"
Commercial,Packer,0.21,-,-,10,120,RWD,0%,5,1.2,1.2,0.8,0.45,1.55,1.35,1,"12,000"
Commercial,Phantom,0.21,-,-,12,123,RWD,0%,5,1.3,1.3,0.8,0.45,1.65,1.55,1,"12,000"
Commercial,Phantom Custom,0.3,100,0.360,12,130,RWD,0%,5,3.3,3.3,0.85,0.45,2.05,1.95,1,"12,000"
Commercial,Phantom Wedge,0.3,-,-,11,130,RWD,0%,5,3.3,3.3,0.85,0.45,1.95,1.75,1,"14,000"
Commercial,Pounder,0.14,-,-,6,120,RWD,0%,4,1.3,1.3,0.25,0.65,1.65,1.45,0.9,"5,500"
Commercial,Pounder Custom,0.16,100,0.192,6,120,RWD,0%,4,1.8,1.8,0.25,0.65,1.5,1.35,0.9,"5,500"
Commercial,Stockade,0.12,-,-,4,120,RWD,0%,5,1.3,1.3,0.25,0.68,1.65,1.4,1,"6,500"
Commercial,Terrorbyte,0.16,100,0.192,10,120,RWD,0%,6,2.3,2.3,0.25,0.65,1.95,1.65,0.9,"10,000"
Compacts,Asbo,0.234,180,0.318,10.5,126,FWD,100%,5,3.9,3.9,0.47,0.65,1.92,1.73,1,"1,030"
Compacts,Blista,0.23,100,0.276,8,135,FWD,100%,5,1.7,1.7,0.6,0.65,2.05,1.75,1,"1,200"
Compacts,Blista Kanjo,0.32,180,0.435,11.35,140,FWD,100%,5,3.9,3.9,0.5,0.65,1.97,1.72,1,"1,150"
Compacts,Brioso 300,0.179,100,0.215,10,115,RWD,0%,4,2.3,2.3,0.25,0.51,1.885,1.825,0.8,650
Compacts,Brioso 300 Widebody,0.216,150,0.281,9.8,124,RWD,0%,4,3.2,3.2,0.25,0.52,1.995,1.885,0.8,650
Compacts,Brioso R/A,0.29,100,0.348,11.6,135,AWD,50%,6,3.8,3.8,0.6,0.8,2.3,2.05,0.8,850
Compacts,Brioso R/A (HSW),0.29,123,0.361,11.6,135,AWD,50%,6,3.8,3.8,0.6,0.8,2.3,2.05,0.8,850
Compacts,Club,0.2375,180,0.323,8.5,140,FWD,100%,4,3.2,4,0.72,0.6,2.05,1.85,0.4,950
Compacts,Dilettante,0.1,100,0.120,8.5,130,FWD,100%,1,1.3,1.3,0.6,0.65,1.76,1.63,1,"1,400"
Compacts,Dilettante (Patrol),0.1,-,-,8.5,130,FWD,100%,1,1.3,1.3,0.6,0.65,1.76,1.63,1,"1,400"
Compacts,Issi,0.23,100,0.276,8,135,FWD,100%,5,1.8,1.8,0.6,0.65,2.05,1.75,1,"1,200"
Compacts,Issi (Arena),0.34,140,0.435,12,140,RWD,0%,4,2.3,2.6,0.4,0.7,2,1.85,0.4,"1,200"
Compacts,Issi Classic,0.26,200,0.364,11,125,FWD,100%,4,1.6,1.6,0.3,0.7,2,1.8,0.3,650
Compacts,Panto,0.27,100,0.324,11,132,RWD,0%,6,2.8,2.8,0.6,0.8,1.97,1.77,1,800
Compacts,Prairie,0.22,100,0.264,8,135,FWD,100%,5,1.6,1.6,0.6,0.65,1.95,1.55,1,"1,400"
Compacts,Rhapsody,0.23,100,0.276,8.3,133,RWD,0%,5,1.8,1.8,0.6,0.65,2.05,1.72,1,"1,350"
Compacts,Weevil,0.188,400,0.338,11,135,RWD,0%,4,2,2,0.26,0.5,1.78,1.6,0.9,820
Coupes,Cognoscenti Cabrio,0.26,100,0.312,8,145,RWD,0%,5,2,2,0.6,0.65,2.3,2,1,"2,100"
Coupes,Euros X32,0.28,100,0.336,9.5,151,RWD,0%,5,1.8,1.7,0.8,0.4,2.287,2.101,1,1545
Coupes,Euros X32 (HSW),0.28,125,0.350,9.5,151,RWD,0%,5,1.8,1.7,0.8,0.4,2.287,2.101,1,1545
Coupes,Exemplar,0.26,100,0.312,6.8,145,RWD,0%,6,2.2,2.2,0.9,0.425,2.6,2.45,1,"1,800"
Coupes,F620,0.24,100,0.288,6,145,RWD,0%,6,2.3,2.3,0.9,0.425,2.5,2.4,1,"1,800"
Coupes,Felon,0.24,100,0.288,6.8,145,RWD,0%,6,2,2,0.9,0.425,2.55,2.35,1,"1,800"
Coupes,Felon GT,0.24,100,0.288,7.8,145,RWD,0%,6,2,2,0.9,0.65,2.5,2.3,1,"1,850"
Coupes,FR36,0.301,200,0.421,8.9,153,RWD,0%,5,1.8,1.7,0.86,0.38,2.383,2.226,1,"1,515"
Coupes,Jackal,0.22,100,0.264,5.8,142.5,RWD,0%,6,2,2,0.9,0.425,2.6,2.45,1,"1,800"
Coupes,Kanjo SJ,0.315,120,0.391,10.95,141,FWD,100%,5,3.9,3.9,0.45,0.6,1.995,1.815,1,950
Coupes,Oracle,0.27,100,0.324,8,150,RWD,0%,5,1.9,1.9,0.9,0.425,2.25,1.95,1,"1,900"
Coupes,Oracle XS,0.26,100,0.312,8,150,RWD,0%,5,1.9,1.9,0.9,0.425,2.25,1.85,1,"1,850"
Coupes,Postlude,0.295,200,0.413,11.45,131,FWD,100%,5,3.7,3.7,0.4,0.6,1.985,1.725,1,"1,150"
Coupes,Previon,0.3185,120,0.395,9.825,149.45,RWD,0%,5,2.1,2.2,0.85,0.55,2.4865,2.3725,1,"1,300"
Coupes,Sentinel,0.21,100,0.252,5.5,142,RWD,0%,6,2.1,2.1,0.9,0.425,2.45,2.15,1,"1,400"
Coupes,Sentinel XS,0.21,200,0.294,5.5,142,RWD,0%,6,2.1,2.1,0.9,0.425,2.45,2.15,1,"1,400"
Coupes,Sentinel XS (HSW),0.21,228,0.306,5.5,142,RWD,0%,6,2.1,2.1,0.9,0.425,2.45,2.15,1,"1,400"
Coupes,Windsor,0.28,100,0.336,7.7,150,RWD,0%,5,1.8,1.8,0.7,0.65,2.2,1.85,1,"2,800"
Coupes,Windsor Drop,0.279,100,0.335,7.7,150,RWD,0%,5,1.8,1.8,0.7,0.65,2.2,1.845,1,"3,000"
Coupes,Zion,0.22,100,0.264,5.5,145,RWD,0%,6,1.9,1.9,0.9,0.425,2.6,2.45,1,"1,400"
Coupes,Zion Cabrio,0.22,100,0.264,5.5,145,RWD,0%,6,1.9,1.9,0.9,0.425,2.6,2.45,1,"1,400"
Cycles,BMX,0.16,-,-,60,50,RWD,0%,1,1,1,3,0.6,1.85,1.8,0,105
Cycles,Cruiser,0.08,-,-,20,45,RWD,0%,1,1,1,2.8,0.6,1.8,1.75,0.3,120
Cycles,Fixter,0.135,-,-,30,63,RWD,0%,1,2,2,0.4,0,1.85,1.8,0.4,110
Cycles,Inductor,0.112,-,-,75,75,RWD,0%,1,2,2,3.1,0.6,2.05,2.01,0.2,125
Cycles,Race Bike,0.135,-,-,20,63,RWD,0%,1,2,2,2.5,0.45,1.85,1.8,0.4,110
Cycles,Scorcher,0.17,-,-,60,55,RWD,0%,1,2,2,2.8,0.6,2.05,2.01,0.2,115
Drift,Chavos V6 (Drift),0.7175,-,-,26,132,AWD,18%,5,4.8,4.7,0.69,0.4475,1.53,1.525,1,"1,450"
Drift,Cheburek (Drift),0.7075,-,-,26,133.25,AWD,8%,4,4.8,4.7,0.59,0.35,1.53,1.525,1,1100
Drift,Cypher (Drift),0.7075,-,-,26,133.25,AWD,18%,5,4.8,4.7,0.83,0.24,1.53,1.525,1,1625
Drift,Dominator FX (Drift),0.72,-,-,26,133,AWD,16%,4,4.8,4.7,0.69,0.38,1.53,1.525,1,"1,200"
Drift,Dominator GT (Drift),0.7108,-,-,26,136,AWD,18%,6,4.8,4.7,0.93,0.425,1.53,1.525,0.9,"1,820"
Drift,Drift Tampa (Drift),0.712,-,-,26,139,AWD,22%,5,4.8,4.7,0.8,0.2,1.53,1.525,1,"1,097"
Drift,Drift Walton L35,0.716,-,-,26,133,AWD,25%,4,4.8,4.7,0.32,0.62,1.53,1.525,1,"1,455"
Drift,Drift Yosemite (Drift),0.718,-,-,26,125,AWD,25%,3,4.6,4.5,0.82,0.12,1.53,1.525,1,"1,198"
Drift,Euros (Drift),0.711,-,-,26,134.85,AWD,20%,4,4.8,4.7,0.85,0.22,1.53,1.525,1,"1,415"
Drift,FR36 (Drift),0.7125,-,-,26,133,AWD,18%,4,4.8,4.7,0.765,0.17,1.53,1.525,1,"1,510"
Drift,Futo (Drift),0.71,-,-,26,133,AWD,15%,4,4.8,4.7,0.66,0.28,1.53,1.525,1,900
Drift,Futo GTX (Drift),0.71,-,-,26,133,AWD,18%,4,4.8,4.7,0.765,0.2,1.53,1.525,1,"1,000"
Drift,Gauntlet Hellfire (Drift),0.71,-,-,26,137,AWD,21%,5,4.8,4.7,0.7,0.38,1.53,1.525,1,"2,150"
Drift,Hardy (Drift),0.7112,-,-,26,136,AWD,23%,5,4.8,4.7,0.5662,0.45,1.53,1.525,1,"1,350"
Drift,Jester Classic (Drift),0.711,-,-,26,134,AWD,18%,5,4.8,4.7,0.65,0.22,1.53,1.525,1,1600
Drift,Jester RR (Drift),0.706,-,-,26,132.5,AWD,18%,5,4.8,4.7,0.875,0.32,1.53,1.525,1,"1,525"
Drift,Keitora (Drift),0.6075,-,-,26,133,AWD,5%,4,4.8,4.7,0.285,0.62,1.53,1.525,0.35,670
Drift,Nebula Turbo (Drift),0.725,-,-,24.9,135.8,AWD,10%,4,4.8,4.7,0.74,0.2,1.53,1.525,1,1320
Drift,Remus (Drift),0.712,-,-,26,138.8,AWD,25%,4,4.5,4.4,0.87,0.26,1.53,1.525,1,"1,100"
Drift,RT3000 (Drift),0.71,-,-,26,133,AWD,15%,6,4.8,4.7,1,0.434,1.53,1.525,1,"1,275"
Drift,Sentinel Classic Widebody (Drift),0.716,-,-,26,134,AWD,15%,4,4.8,4.7,0.85,0.22,1.53,1.525,1,1040
Drift,Sentinel XS (Drift),0.71,-,-,26,134,AWD,15%,6,4.8,4.7,0.9,0.425,1.53,1.525,1,"1,400"
Drift,Vorschlaghammer (Drift),0.7085,-,-,25.75,135.2,AWD,25%,4,4.6,4.6,0.725,0.231,1.53,1.52,1,1270
Drift,ZR350 (Drift),0.708,-,-,26,132.8,AWD,25%,5,4.8,4.7,0.85,0.29,1.53,1.525,1,"1,295"
Emergency,Ambulance,0.18,-,-,6,140,AWD,50%,5,1.3,1.3,0.6,0.65,1.95,1.7,1,"2,500"
Emergency,Buffalo Cruiser,0.29,200,0.406,8.9,145,RWD,0%,5,2.3,2.3,0.9,0.425,2.45,2.2,1,"1,710"
Emergency,Buffalo STX Pursuit,0.3425,150,0.445,10.2,159.5,RWD,0%,8,4.45,4.45,0.95,0.425,2.58,2.4,1,"1,860"
Emergency,Burrito (Bail Enforcement),0.195,-,-,6,145,RWD,0%,5,1.8,1.8,0.6,0.52,2,1.85,1,2500
Emergency,Caracara Pursuit,0.27,140,0.346,12,138,AWD,50%,6,4.3,4.3,0.3,0.65,2.05,1.8,0.15,2580
Emergency,Coquette D10 Pursuit,0.32,160,0.422,9,160,RWD,0%,8,3.6,3.9,0.6,0.55,2.6,2.35,1,1660
Emergency,Dominator FX Interceptor,0.3,210,0.426,8,153,RWD,0%,5,1.5,1.4,0.69,0.38,2.383,2.226,1,1200
Emergency,Dorado Cruiser,0.21685,150,0.282,7.15,141.7,AWD,50%,4,1.5,1.4,0.5,0.425,1.845,1.7175,0.5,2150
Emergency,FIB (Buffalo),0.28,-,-,8.5,145,RWD,0%,5,2.1,2.1,0.9,0.425,2.45,2.2,1,"1,650"
Emergency,FIB (SUV),0.2,-,-,8.5,140,AWD,60%,5,2.1,2.1,0.8,0.6,2.15,1.85,0.8,"2,400"
Emergency,Fire Truck,0.16,-,-,5,130,RWD,0%,5,1.3,1.3,0.5,0.5,1.7,1.45,1,"7,500"
Emergency,Gauntlet Interceptor,0.362,180,0.492,10.6,155,RWD,0%,5,3.5,3.4,0.9,0.38,2.35,2.2,1,"2,150"
Emergency,Greenwood Cruiser,0.282,140,0.361,6,143,RWD,0%,3,1.8,1.8,0.7,0.468,2.3,2.065,1,1750
Emergency,Impaler LX Cruiser,0.3,210,0.426,9,145,RWD,0%,4,1.4,1.3,0.7,0.426,2.135,2,1,1630
Emergency,Impaler SZ Cruiser,0.25375,210,0.360,6.75,144,RWD,0%,4,1.6,1.5,0.865,0.44,2.3,2.19,1,1930
Emergency,Lifeguard,0.2,100,0.240,8.5,140,RWD,0%,5,1.3,1.3,0.8,0.6,2.05,1.85,0.8,"2,400"
Emergency,Outreach Faction,0.28,200,0.392,8,140,RWD,0%,5,1.9,1.9,0.8,0.65,2.25,1.9,1,1280
Emergency,Park Ranger,0.2,100,0.240,8.5,135,AWD,60%,5,1.7,1.7,0.8,0.6,2.15,1.85,0.8,"2,400"
Emergency,Police Bike (2013),0.27,-,-,9,135,RWD,0%,4,2,2,1.1,0.65,1.9,1.8,1,250
Emergency,Police Bike (2025),0.27,180,0.367,9,135,RWD,0%,4,2,2,1.1,0.65,1.9,1.8,1,250
Emergency,Police Cruiser (Buffalo),0.28,-,-,8.5,145,RWD,0%,5,2.1,2.1,0.9,0.525,2.4,2.15,1,"1,650"
Emergency,Police Cruiser (Interceptor),0.3,-,-,8.5,150,RWD,0%,5,2.1,2.1,1.2,0.425,2.57,2.49,1,"1,450"
Emergency,Police Cruiser (Stanier),0.2,-,-,6,145,RWD,0%,5,1.8,1.8,0.9,0.525,2.55,2.45,1,"1,400"
Emergency,Police Rancher,0.18,-,-,8.5,130,AWD,30%,5,1.7,1.7,0.8,0.6,1.95,1.75,0.8,"2,400"
Emergency,Police Riot,0.12,-,-,4,120,RWD,0%,5,1.3,1.3,0.25,0.68,1.65,1.4,1,"6,500"
Emergency,Police Roadcruiser,0.2,-,-,6,140,RWD,0%,5,1.7,1.7,0.9,0.425,2.15,1.85,1,"1,800"
Emergency,Police Transporter,0.16,-,-,6,130,RWD,0%,5,1.8,1.8,0.6,0.64,1.95,1.7,1,"2,500"
Emergency,Prison Bus,0.14,-,-,10,90,RWD,0%,4,1,1,0.25,0.65,1.35,1.2,0.9,"9,000"
Emergency,RCV,0.16,-,-,6.5,125,RWD,0%,5,1.3,1.3,0.3,0.68,1.75,1.5,1,"12,500"
Emergency,Sheriff Cruiser,0.24,-,-,8,145,RWD,0%,5,1.8,1.8,0.6,0.65,2.25,1.8,1,"1,400"
Emergency,Sheriff SUV,0.2,-,-,8.5,140,AWD,60%,5,2.1,2.1,0.8,0.6,2.15,1.85,0.8,"2,400"
Emergency,Stanier LE Cruiser,0.2,180,0.272,6,145,RWD,0%,5,1.8,1.8,0.9,0.525,2.55,2.45,1,"1,400"
Emergency,Terminus Patrol,0.269,260,0.409,9.435,148,AWD,50%,6,2.4,2.3,0.55,0.415,2.1875,2.0085,0.15,2100
Emergency,Unmarked Cruiser,0.2,100,0.240,6,145,RWD,0%,5,1.8,1.8,0.9,0.525,2.55,2.45,1,"1,400"
Industrial,Custom Flatbed,0.14,-,-,10,130,AWD,50%,5,1.3,1.3,0.25,0.65,1.65,1.5,0.9,"6,500"
Industrial,Cutter,0.16,-,-,80,40,AWD,50%,1,1.3,1.3,0.3,0.5,1.62,1.6,1,"25,000"
Industrial,Dock Handler,0.14,-,-,40,25,FWD,100%,1,1.3,1.3,0.1,0.4,1.85,1.8,0.5,"6,000"
Industrial,Dozer,0.14,-,-,300,15,AWD,50%,1,0.3,0.3,0.2,0.6,1.1,1.2,0,"20,000"
Industrial,Dump,0.19,-,-,74,43,RWD,0%,4,1.3,1.3,0.3,0.6,1.45,1.15,0.5,"35,000"
Industrial,Flatbed,0.14,-,-,10,130,AWD,50%,5,1.3,1.3,0.25,0.65,1.65,1.5,0.9,"6,500"
Industrial,Guardian,0.21,100,0.252,8,130,AWD,35%,6,1.8,1.8,0.6,0.65,2,1.75,0.8,"3,800"
Industrial,Mixer (3-Axle),0.11,-,-,4,110,RWD,0%,4,1.3,1.3,0.3,0.6,1.6,1.4,1,"6,000"
Industrial,Mixer (4-Axle),0.11,-,-,4,110,RWD,0%,4,1.3,1.3,0.3,0.6,1.6,1.4,1,"6,000"
Industrial,Rubble,0.14,-,-,6,100,RWD,0%,4,1.3,1.3,0.25,0.6,1.6,1.45,0.5,"6,500"
Industrial,Tipper (2-Axle),0.11,-,-,6,100,RWD,0%,4,1.3,1.3,0.25,0.6,1.6,1.4,1,"5,500"
Industrial,Tipper (3-Axle),0.11,-,-,6,100,RWD,0%,4,1.3,1.3,0.25,0.6,1.6,1.4,1,"5,500"
Military,APC,0.21,100,0.252,30,97,AWD,45%,4,3.3,2.3,0.2,0.4,2.4,2.2,0,"10,600"
Military,Barracks,0.11,-,-,4,110,RWD,0%,5,1.3,1.3,0.3,0.6,1.65,1.45,1,"9,000"
Military,Barracks Semi,0.23,-,-,12,110,RWD,0%,5,1.3,1.3,1,0.45,1.55,1.35,1,"10,000"
Military,Barrage,0.2225,100,0.267,8.6,135,AWD,50%,5,2,2.2,0.85,0.6,1.75,1.5,0.2,"2,500"
Military,Chernobog,0.12,100,0.144,14,95,AWD,40%,5,1.5,1.5,0.1,0.5,2,1.8,0.3,"40,000"
Military,Crusader,0.18,-,-,8,130,AWD,60%,5,1.3,1.3,0.3,0.65,1.9,1.6,0.5,"2,400"
Military,Half-Track,0.16,100,0.192,26,75,RWD,0%,4,2.3,2.3,0.2,0.6,2.3,2.1,0,"10,000"
Military,Invade and Persuade Tank,0.06,-,-,40.5,37,AWD,50%,1,1.3,1.3,0.15,0.6,2,1.75,0,500
Military,Rhino Tank,0.11,-,-,16,55,AWD,50%,1,1.3,1.3,0.2,0.6,2.5,2.4,0,"60,000"
Military,Scarab,0.1,100,0.120,9,100,AWD,50%,1,1.3,1.3,0.7,0.6,2.25,2.2,0,"5,000"
Military,Thruster,0.3,-,-,12,160,RWD,0%,1,1.3,1.3,0.4,0.6,1.3,1.2,1,301
Military,TM-02 Khanjali,0.1,100,0.120,18.5,57,AWD,50%,1,1.3,1.3,0.2,0.6,2.55,2.45,0,"30,000"
Military,Vetir,0.11,-,-,11,100,RWD,0%,5,1.3,1.3,0.3,0.6,1.52,1.45,1,"5,680"
Motorcycles,Akuma,0.4,100,0.480,10,145,RWD,0%,5,2,2,1.2,0.6,2.15,2.13,1,250
Motorcycles,Avarus,0.27,100,0.324,9,135,RWD,0%,5,1.3,1.3,1,0.65,1.85,1.75,1,230
Motorcycles,Bagger,0.21,100,0.252,9,130,RWD,0%,4,1.3,1.3,1.2,0.6,1.65,1.64,1,230
Motorcycles,Bati 801,0.3,100,0.360,8,150,RWD,0%,6,2,3,1.4,0.65,2.32,2.31,0.8,230
Motorcycles,BF400,0.29,100,0.348,10,145,RWD,0%,5,3,3,1.1,0.6,2.15,2.07,0,150
Motorcycles,Carbon RS,0.3,100,0.360,9,145,RWD,0%,5,2,2,1.3,0.6,2.15,2,1,250
Motorcycles,Chimera,0.275,100,0.330,15.75,135,RWD,0%,4,2.3,2.3,1,0.3,2.1,1.9,0,401
Motorcycles,Cliffhanger,0.318,100,0.382,8.8,147.5,RWD,0%,4,3,3,1.1,0.6,2.25,2.07,0.5,140
Motorcycles,Daemon,0.262,100,0.314,9,135,RWD,0%,5,1.3,1.3,0.6,0.65,1.85,1.75,1,250
Motorcycles,Daemon (Lost),0.26,100,0.312,9,135,RWD,0%,4,1.3,1.3,0.6,0.65,1.85,1.75,1,250
Motorcycles,Deathbike,0.3125,150,0.406,8.95,147,RWD,0%,4,3,3,1.1,0.6,2.05,1.7,0.5,135
Motorcycles,Defiler,0.405,100,0.486,12.5,148,RWD,0%,5,2,2,1.2,0.6,2.15,2.13,1,200
Motorcycles,Diabolus,0.312,100,0.374,9.4,142.5,RWD,0%,6,2.5,2.5,1.2,0.65,1.95,1.9,1,220
Motorcycles,Diabolus Custom,0.32,100,0.384,9.4,142.6,RWD,0%,6,2.75,2.75,1.25,0.65,2,1.925,1,210
Motorcycles,Double-T,0.31,100,0.372,9,147,RWD,0%,5,2,3,1.4,0.6,2.18,2.16,1,200
Motorcycles,Enduro,0.3,100,0.360,12.3,119,RWD,0%,4,3,3,1.05,0.6,2.16,2.08,0.5,220
Motorcycles,Esskey,0.295,100,0.354,10.275,145,RWD,0%,5,3,3,1.2,0.6,2.15,2.07,0.4,190
Motorcycles,Faggio,0.1,100,0.120,9,90,RWD,0%,3,1.3,1.3,0.4,0.7,1.6,1.4,1,100
Motorcycles,Faggio Mod,0.195,100,0.234,18,90,RWD,0%,3,1.5,1.3,0.4,0.7,1.7,1.5,1,100
Motorcycles,Faggio Sport,0.1975,100,0.237,17,95,RWD,0%,3,1.5,1.3,0.4,0.7,1.7,1.5,1,110
Motorcycles,FCR 1000,0.305,100,0.366,9.5,140,RWD,0%,6,2,2,1.2,0.6,2.1,2,1,210
Motorcycles,FCR 1000 Custom,0.31,100,0.372,9.5,140.2,RWD,0%,6,2.5,2.5,1.25,0.6,2.15,2.1,1,200
Motorcycles,Gargoyle,0.3125,100,0.375,8.95,147,RWD,0%,4,3,3,1.1,0.6,2.25,2.07,0.5,135
Motorcycles,Hakuchou,0.315,100,0.378,8.5,152,RWD,0%,6,2,3,1.4,0.65,2.3,2.29,0.8,250
Motorcycles,Hakuchou Drag,0.425,100,0.510,11.5,159,RWD,0%,6,6,3,1.4,0.45,2.9,2.8,0.8,270
Motorcycles,Hakuchou Drag (HSW),0.425,130,0.536,11.5,159,RWD,0%,6,6,3,1.4,0.45,2.9,2.8,0.8,270
Motorcycles,Hexer,0.26,100,0.312,9,135,RWD,0%,4,1.3,1.3,1,0.65,1.85,1.75,1,250
Motorcycles,Innovation,0.32,100,0.384,9.5,135,RWD,0%,4,1.3,1.3,1,0.65,1.9,1.8,1,250
Motorcycles,Lectro,0.28,100,0.336,10,140,RWD,0%,5,2,2,1.2,0.6,1.95,1.9,1,250
Motorcycles,Manchez,0.295,100,0.354,10.275,145,RWD,0%,5,3,3,1.2,0.6,2.15,2.07,0.4,190
Motorcycles,Manchez Scout,0.265,100,0.318,10.275,130,RWD,0%,5,3,3,0.8,0.6,2.12,2.02,0.4,160
Motorcycles,Manchez Scout C,0.272,80,0.316,10.575,130,RWD,0%,5,3,3,0.8,0.6,2.11,1.98,0.4,175
Motorcycles,Nemesis,0.3,100,0.360,10,140,RWD,0%,5,2,2,1.2,0.6,1.95,1.9,1,250
Motorcycles,Nightblade,0.31,100,0.372,9.5,142,RWD,0%,5,1.5,1.5,1.2,0.65,1.95,1.9,1,205
Motorcycles,Oppressor,0.4,100,0.480,12.5,148,RWD,0%,5,2,2,1.2,0.6,2.125,2.1,1,190
Motorcycles,Oppressor Mk II,0.38,100,0.456,12.5,148,RWD,0%,1,2,2,1.2,0.6,2.1,2,1,220
Motorcycles,PCJ 600,0.26,100,0.312,11,130,RWD,0%,5,2,2,1.3,0.6,2.05,2.02,0.6,250
Motorcycles,Pizza Boy,0.12,100,0.144,8.45,92.5,RWD,0%,3,1.5,1.5,0.33,0.6,1.66,1.63,1,120
Motorcycles,Powersurge,0.82,80,0.951,23.75,128.2,RWD,0%,1,2.5,2.5,1.3,0.545,2.365,2.215,1,255
Motorcycles,Rampant Rocket,0.382,100,0.458,16.75,142,RWD,0%,3,2.3,2.3,1,0.3,2.1,1.9,0,"1,140"
Motorcycles,Rat Bike,0.215,100,0.258,10,130,RWD,0%,5,1.3,1.3,1.2,0.6,1.65,1.64,1,180
Motorcycles,Reever,0.4085,80,0.474,11.95,151.2,RWD,0%,5,2.5,2.5,1.3,0.565,2.2,2.16,1,205
Motorcycles,Ruffian,0.34,100,0.408,10.5,140,RWD,0%,5,2,2,1.1,0.6,1.95,1.85,1,250
Motorcycles,Sanchez,0.28,100,0.336,12.3,118,RWD,0%,4,3,3,1.1,0.6,2.15,2.07,0.5,220
Motorcycles,Sanctus,0.405,100,0.486,14,144,RWD,0%,5,1.3,1.3,1,0.65,1.95,1.85,1,250
Motorcycles,Shinobi,0.3625,80,0.421,9.15,156.4,RWD,0%,6,4,4,1.25,0.545,2.3,2.285,1,165
Motorcycles,Shotaro,0.4,100,0.480,11,159.5,RWD,0%,6,2,3,1.4,0.65,2.7,2.6,0.8,230
Motorcycles,Sovereign,0.27,100,0.324,9,135,RWD,0%,4,2,2,1.1,0.65,1.9,1.8,1,250
Motorcycles,Stryder,0.36,100,0.432,15,130,RWD,0%,6,4.3,4.3,1.2,0.65,2.45,2.3,0,401
Motorcycles,Thrust,0.265,100,0.318,6.58,152,RWD,0%,6,2.3,2.3,1.5,0.6,1.98,1.94,1,270
Motorcycles,Vader,0.27,100,0.324,10,140,RWD,0%,5,2,2,1.1,0.72,1.9,1.85,1,230
Motorcycles,Vindicator,0.263,100,0.316,6,148,RWD,0%,6,2.3,2.3,1.52,0.6,1.98,1.94,1,280
Motorcycles,Vortex,0.4025,100,0.483,12.4,148,RWD,0%,5,2,2,1.2,0.6,2.15,2.13,1,190
Motorcycles,Wolfsbane,0.215,100,0.258,10,130,RWD,0%,5,1.3,1.3,1.2,0.6,1.65,1.64,1,180
Motorcycles,Zombie Bobber,0.29,100,0.348,9.75,137,RWD,0%,5,1.3,1.3,0.8,0.65,1.875,1.8,1,225
Motorcycles,Zombie Chopper,0.29,100,0.348,9.75,137,RWD,0%,5,1.3,1.3,0.8,0.65,1.875,1.8,1,225
Muscle,Arbiter GT,0.3315,100,0.398,10.85,148.5,RWD,0%,3,4.8,4.8,0.52,0.62,2.283,2.1275,1,"1,592"
Muscle,Arbiter GT (HSW),0.3315,155,0.434,10.85,148.5,RWD,0%,3,4.8,4.8,0.52,0.62,2.283,2.1275,1,"1,592"
Muscle,Beater Dukes,0.315,100,0.378,9.5,144,RWD,0%,5,1.7,1.9,0.75,0.65,2.2,1.77,1,"1,550"
Muscle,Blade,0.324,150,0.421,13,145,RWD,0%,5,2.6,2.6,0.8,0.65,2.23,1.7,0.9,"1,200"
Muscle,Brigham,0.21,220,0.302,8.5,136,RWD,0%,4,1.3,1.3,0.38,0.58,1.905,1.718,1,3170
Muscle,Broadway,0.195,220,0.281,8.2,126,RWD,0%,3,1.25,1.25,0.32,0.518,1.995,1.785,1,"1,570"
Muscle,Buccaneer,0.28,100,0.336,8.5,146,RWD,0%,5,1.3,1.3,0.8,0.65,2.15,1.75,1,"1,600"
Muscle,Buccaneer Custom,0.28,100,0.336,8.5,146,RWD,0%,5,1.3,1.3,0.8,0.65,2.15,1.75,1,"1,600"
Muscle,Buffalo EVX,0.382,100,0.458,11,156.65,AWD,30%,5,5,5,0.985,0.44,2.42,2.185,1,1820
Muscle,Buffalo EVX (HSW),0.382,125,0.478,11,156.65,AWD,30%,5,5,5,0.985,0.44,2.42,2.185,1,1820
Muscle,Buffalo STX,0.3425,100,0.411,10.2,159.5,RWD,0%,8,4.45,4.45,0.95,0.425,2.58,2.4,1,"1,800"
Muscle,Burger Shot Stallion,0.31,100,0.372,9.1,144,RWD,0%,5,1.9,1.9,0.7,0.65,2.25,1.8,1,"1,650"
Muscle,Chino,0.2,100,0.240,10,130,RWD,0%,4,1.9,1.9,0.6,0.65,2.05,1.85,1,"2,300"
Muscle,Chino Custom,0.21,100,0.252,10,130,RWD,0%,4,1.9,1.9,0.6,0.65,2.07,1.85,1,"2,400"
Muscle,Clique,0.3,125,0.375,9.5,150,RWD,0%,4,2.2,2.2,0.85,0.6,2.35,2.2,1,"1,250"
Muscle,Clique Wagon,0.198,200,0.277,11.5,118,RWD,0%,3,2.2,2.5,0.35,0.4895,2.08,1.91,1,1100
Muscle,Coquette BlackFin,0.29,100,0.348,9.5,151,RWD,0%,4,2.6,3,0.6,0.55,2.25,1.95,1,"1,400"
Muscle,Deviant,0.29,140,0.371,11,145,RWD,0%,4,2.4,2.4,0.5,0.65,2.25,2.1,1,"1,500"
Muscle,Dominator,0.29,100,0.348,6,145,RWD,0%,5,2,2,0.8,0.65,2.25,1.8,1,"1,600"
Muscle,Dominator (Arena),0.375,140,0.480,11.5,150,RWD,0%,5,2,2,0.8,0.65,2.35,2,0.7,"1,550"
Muscle,Dominator ASP,0.342,100,0.410,9.325,150.75,RWD,0%,5,6.2,6.2,0.92,0.514,2.535,2.415,1,"1,665"
Muscle,Dominator FX,0.3,170,0.402,8,153,RWD,0%,5,1.5,1.4,0.69,0.38,2.383,2.226,1,1200
Muscle,Dominator GT,0.3448,100,0.414,9.62,162,RWD,0%,6,2.1,2,0.93,0.425,2.545,2.409,0.9,"1,820"
Muscle,Dominator GTT,0.3027,175,0.409,9.65,145.3,RWD,0%,4,1.95,1.95,0.75,0.425,2.5,2.365,1,"1,465"
Muscle,Dominator GTX,0.335,100,0.402,10.5,145.5,RWD,0%,5,1.5,1.5,0.5,0.5,2.57,2.35,1,"1,670"
Muscle,Drift Yosemite,0.395,100,0.474,15.13,140,RWD,0%,6,4.2,4.5,0.85,0.6,2.625,2.395,1,"1,200"
Muscle,Duke O'Death,0.35,100,0.420,11.5,152,RWD,0%,4,2.4,2.4,0.9,0.65,2.26,1.95,1,"5,000"
Muscle,Dukes,0.32,100,0.384,9.5,144,RWD,0%,5,1.9,1.9,0.8,0.65,2.25,1.8,1,"1,600"
Muscle,Ellie,0.325,150,0.423,10.75,140.5,RWD,0%,5,1.5,1.5,0.5,0.5,2.55,2.15,1,"1,370"
Muscle,Eudora,0.195,180,0.265,6.55,138,RWD,0%,3,1.4,1.4,0.265,0.54,1.89,1.4785,1,"2,115"
Muscle,Faction,0.28,100,0.336,8,140,RWD,0%,5,1.9,1.9,0.8,0.65,2.25,1.8,1,"1,200"
Muscle,Faction Custom,0.28,100,0.336,8,140,RWD,0%,5,1.9,1.9,0.8,0.65,2.25,1.8,1,"1,200"
Muscle,Faction Custom Donk,0.2,100,0.240,10,140,RWD,0%,5,1.9,1.9,0.8,0.65,2.35,1.8,1,"1,400"
Muscle,Gauntlet,0.3,100,0.360,9,145,RWD,0%,5,1.9,1.9,0.9,0.425,2.5,2.35,1,"1,600"
Muscle,Gauntlet Classic,0.28,100,0.336,9.5,142,RWD,0%,5,1.9,1.9,0.9,0.425,2.5,2.35,1,"1,350"
Muscle,Gauntlet Classic Custom,0.29,180,0.394,8,158,RWD,0%,4,1.9,1.9,0.9,0.425,2.25,2.15,1,"1,700"
Muscle,Gauntlet Hellfire,0.36,180,0.490,10.75,155,RWD,0%,5,1.9,1.9,0.9,0.425,2.35,2.1,1,"1,940"
Muscle,Greenwood,0.282,90,0.333,6,143,RWD,0%,3,1.8,1.8,0.7,0.468,2.3,2.065,1,"1,650"
Muscle,Hermes,0.285,400,0.513,11.5,137,RWD,0%,4,2.2,2.5,0.775,0.56,2.375,1.9,1,"1,300"
Muscle,Hotknife,0.3,100,0.360,10,140,RWD,0%,5,2.3,2.3,0.43,0.5,1.85,1.65,0,700
Muscle,Hustler,0.3,400,0.540,10.5,140,RWD,0%,5,2.5,2.5,0.43,0.5,1.95,1.75,0,"1,000"
Muscle,Impaler,0.31,140,0.397,10.5,151,RWD,0%,4,2.2,2.2,0.6,0.7,2.35,1.8,1,"1,550"
Muscle,Impaler (Arena),0.38,140,0.486,10.5,155,RWD,0%,5,4.2,4.2,0.7,0.6,2.4,1.9,0.7,"1,400"
Muscle,Impaler LX,0.3,170,0.402,9,145,RWD,0%,4,1.4,1.3,0.7,0.426,2.135,2,1,"1,630"
Muscle,Impaler SZ,0.25375,170,0.340,6.75,144,RWD,0%,4,1.6,1.5,0.865,0.44,2.3,2.19,1,"1,830"
Muscle,Imperator,0.365,140,0.467,11,150,RWD,0%,4,3,3,0.5,0.65,2.25,2.1,0.7,"2,000"
Muscle,Lost Slamvan,0.25,300,0.400,10,135,RWD,0%,4,1.2,1.2,0.7,0.55,1.85,1.55,0,"1,300"
Muscle,Lurcher,0.29,100,0.348,8.5,146,RWD,0%,5,1.3,1.3,0.8,0.65,2.15,1.71,1,"1,800"
Muscle,Manana Custom,0.24,100,0.288,7.75,141.5,RWD,0%,4,1.45,1.45,0.275,0.65,1.98,1.72,1,"2,000"
Muscle,Moonbeam,0.21,100,0.252,6,125,RWD,0%,4,1.3,1.3,0.4,0.65,2,1.8,0.9,"2,400"
Muscle,Moonbeam Custom,0.21,100,0.252,6,125,RWD,0%,4,1.3,1.3,0.4,0.65,2,1.8,0.9,"2,400"
Muscle,Nightshade,0.25,60,0.280,10,145,RWD,0%,5,2.5,2.5,0.6,0.65,2.25,1.85,1,"1,400"
Muscle,Peyote Gasser,0.3445,180,0.469,11.15,148.5,RWD,0%,5,1.9,1.9,0.9,0.425,2.26,2.05,1,"2,100"
Muscle,Phoenix,0.28,100,0.336,8,145,RWD,0%,5,1.7,1.7,0.8,0.65,2.15,1.75,1,"1,700"
Muscle,Picador,0.22,70,0.251,8,135,AWD,40%,5,1.3,1.3,0.8,0.65,2.05,1.65,1,"1,600"
Muscle,Pisswasser Dominator,0.31,100,0.372,6,147,RWD,0%,5,2.3,2.3,0.9,0.65,2.3,1.85,1,"1,500"
Muscle,Rat-Loader,0.22,200,0.308,10,135,RWD,0%,4,1.2,1.2,0.4,0.6,1.65,1.25,0,"1,200"
Muscle,Rat-Truck,0.24,200,0.336,10,135,RWD,0%,4,1.2,1.2,0.7,0.6,1.75,1.3,0,"1,200"
Muscle,Redwood Gauntlet,0.315,100,0.378,9,147,RWD,0%,5,2.1,2.1,0.9,0.425,2.51,2.37,1,"1,500"
Muscle,Ruiner,0.28,100,0.336,6,145,RWD,0%,5,1.8,1.8,0.8,0.65,2.2,1.8,1,"1,300"
Muscle,Ruiner 2000,0.33,100,0.396,9,152,RWD,0%,5,2.5,2.5,1,0.65,2.1,1.8,1,"1,300"
Muscle,Ruiner ZZ-8,0.3085,70,0.352,8.7,151,RWD,0%,6,3.8,3.8,0.82,0.55,2.36,1.975,1,"1,590"
Muscle,Sabre Turbo,0.28,100,0.336,8,140,RWD,0%,5,1.9,1.9,0.8,0.65,2.25,1.8,1,"1,200"
Muscle,Sabre Turbo Custom,0.282,300,0.451,8,140,RWD,0%,5,2.1,2.1,0.82,0.65,2.26,1.8,1,"1,300"
Muscle,Slamvan,0.245,300,0.392,10,135,RWD,0%,4,1.2,1.2,0.6,0.7,1.65,1.25,0,"1,200"
Muscle,Slamvan (Arena),0.27,150,0.351,10.5,135.5,RWD,0%,4,1.8,2,0.4,0.45,1.85,1.51,1,"1,245"
Muscle,Slamvan Custom,0.25,300,0.400,10,135,RWD,0%,4,1.8,1.8,0.6,0.7,2.35,1.75,0,"1,400"
Muscle,Stallion,0.29,100,0.348,9.5,144,RWD,0%,5,1.9,1.9,0.7,0.65,2.25,1.8,1,"1,650"
Muscle,Tahoma Coupe,0.298,100,0.358,10.75,152,RWD,0%,3,1.9,1.9,0.625,0.4465,2.308,2.085,1.2,"1,380"
Muscle,Tampa,0.27,100,0.324,10,140,RWD,0%,4,1.9,1.9,0.8,0.65,2.25,1.8,1,"1,200"
Muscle,Tampa GT,0.37,120,0.459,8,160,RWD,0%,3,1,1,0.3,0.47,1.82,1.7,1,"1,800"
Muscle,Tampa GT (HSW),0.37,150,0.481,8,160,RWD,0%,3,1,1,0.3,0.47,1.82,1.7,1,"1,800"
Muscle,Tulip,0.32,140,0.410,9,147.5,RWD,0%,4,2.2,2.2,0.5,0.65,2.25,2.01,1,"1,545"
Muscle,Tulip M-100,0.3153,140,0.404,10.75,152,RWD,0%,3,1.9,1.9,0.68,0.4365,2.33,2.105,1.2,"1,400"
Muscle,Vamos,0.33,140,0.422,11,145,RWD,0%,4,4.9,4.9,0.5,0.65,2.25,2.1,1,"1,380"
Muscle,Vigero,0.29,100,0.348,8,140,RWD,0%,5,1.7,1.7,0.8,0.65,2.05,1.85,0.9,"1,800"
Muscle,Vigero ZX,0.3645,160,0.481,10.65,157.95,RWD,0%,6,3.9,3.9,0.95,0.435,2.585,2.41,1,"1,760"
Muscle,Vigero ZX (HSW),0.3645,200,0.510,10.65,157.95,RWD,0%,6,3.9,3.9,0.95,0.435,2.585,2.41,1,"1,760"
Muscle,Vigero ZX Convertible,0.3645,160,0.481,10.74,157.95,RWD,0%,6,3.9,3.9,0.95,0.435,2.585,2.415,1,"1,890"
Muscle,Vigero ZX Convertible (HSW),0.3645,200,0.510,10.74,157.95,RWD,0%,6,3.9,3.9,0.95,0.435,2.585,2.415,1,"1,890"
Muscle,Virgo,0.21,100,0.252,10,134,RWD,0%,5,1.9,1.9,0.7,0.65,2.05,1.8,1,"2,200"
Muscle,Virgo Classic,0.21,100,0.252,10,134,RWD,0%,5,1.9,1.9,0.7,0.65,2.05,1.8,1,"2,200"
Muscle,Virgo Classic Custom,0.211,300,0.338,10,134,RWD,0%,5,2,2,0.72,0.65,2.1,1.8,1,"2,300"
Muscle,Voodoo,0.17,100,0.204,6,130,RWD,0%,4,1.3,1.3,0.25,0.65,1.85,1.44,1,"2,100"
Muscle,Voodoo Custom,0.18,100,0.216,6,130,RWD,0%,4,1.3,1.3,0.7,0.65,1.85,1.44,1,"2,100"
Muscle,Weaponized Tampa,0.33,100,0.396,11,145,AWD,25%,4,4.9,4.9,0.5,0.65,2.25,2.1,1,"1,400"
Muscle,Weevil Custom,0.3375,400,0.608,8.95,159.85,RWD,0%,5,3.2,3.2,0.775,0.498,2.1075,1.817,1,780
Muscle,Yosemite,0.285,400,0.513,11.25,137,RWD,0%,4,2.2,2.5,0.75,0.7,2.375,1.9,1,"1,300"
Off-Road,Bifta,0.26,100,0.312,8,136,RWD,0%,5,2,2,0.7,0.58,2.05,1.95,0,"1,400"
Off-Road,Blazer,0.2,100,0.240,11,120,AWD,20%,5,2.3,2.3,1,0.65,2.6,2.4,0,600
Off-Road,Blazer Aqua,0.272,100,0.326,11,125,AWD,50%,6,2.3,2.3,1,0.65,2.7,2.5,0.1,550
Off-Road,Blazer Lifeguard,0.12,100,0.144,11,110,AWD,20%,5,1.3,1.3,0.8,0.65,2,1.8,0,650
Off-Road,Bodhi,0.215,100,0.258,11,134,AWD,30%,5,1.2,1.3,1.1,0.6,2.25,2.12,0,"2,600"
Off-Road,Boor,0.267,220,0.384,11,149,AWD,43%,4,1.9,1.9,0.68,0.58,2.065,1.8185,0.85,930
Off-Road,Brawler,0.28,100,0.336,8,140,AWD,9%,5,2,2,0.88,0.62,1.92,1.8,0,"2,100"
Off-Road,Bruiser,0.26,100,0.312,12,130,RWD,0%,5,2.3,4.3,0.5,0.6,1.75,1.45,0.3,"6,000"
Off-Road,Brutus,0.27,125,0.338,10,140,AWD,40%,8,2.8,2.8,0.6,0.6,2,1.75,0.5,"3,500"
Off-Road,Caracara,0.27,100,0.324,12.5,135,AWD,30%,5,4.3,4.3,0.27,0.65,2.25,1.9,0.15,"3,500"
Off-Road,Caracara 4x4,0.27,100,0.324,12,138,AWD,50%,6,4.3,4.3,0.3,0.65,2.05,1.8,0.15,"2,480"
Off-Road,Desert Raid,0.339,100,0.407,13,140,AWD,50%,5,4.3,4.3,0.3,0.65,2.5,2.1,0.15,"2,200"
Off-Road,Draugur,0.3425,100,0.411,12.85,147.2,AWD,48%,6,4.8,4.8,0.484,0.6,2.485,2.185,0.15,"2,450"
Off-Road,Dubsta 6x6,0.28,100,0.336,13,137,AWD,35%,6,2,2,0.6,0.65,2,1.7,0.8,"3,500"
Off-Road,Dune Buggy,0.25,100,0.300,11,135,RWD,0%,5,2.3,2.3,0.63,0.5,2.2,2.12,0,"1,800"
Off-Road,Dune FAV,0.25,100,0.300,11,135,RWD,0%,5,3.3,3.3,0.63,0.5,2.2,2.12,0,"1,800"
Off-Road,Duneloader,0.17,100,0.204,9,100,RWD,0%,4,1.1,1.1,0.6,0.55,1.7,1.5,0.5,"2,100"
Off-Road,Everon,0.295,120,0.366,11.75,136,AWD,50%,6,4.3,4.3,0.3,0.65,2.05,1.8,0.15,"3,250"
Off-Road,Firebolt ASP,0.2962,100,0.355,9,144.5,RWD,0%,4,1.3,1.5,0.39,0.545,2.34,2.195,0.25,2120
Off-Road,Firebolt ASP (HSW),0.2962,125,0.370,9,144.5,RWD,0%,4,1.3,1.5,0.39,0.545,2.34,2.195,0.25,2120
Off-Road,Freecrawler,0.24,100,0.288,12,135,AWD,50%,4,4.3,4.3,0.3,0.65,2.05,1.8,0.15,"2,000"
Off-Road,Hellion,0.25,100,0.300,10,133.5,AWD,50%,5,2.1,2.1,0.3,0.65,2,1.82,0.15,"1,900"
Off-Road,Hot Rod Blazer,0.2,100,0.240,11,120,AWD,20%,5,2.3,2.3,1,0.65,2.6,2.4,0,600
Off-Road,Injection,0.22,100,0.264,8,130,RWD,0%,5,2,2,0.62,0.6,1.85,1.75,0,"1,800"
Off-Road,Insurgent,0.24,100,0.288,13,130,AWD,4%,6,1.5,1.5,0.6,0.65,2,1.7,0,"8,600"
Off-Road,Insurgent Pick-Up,0.24,-,-,13,130,AWD,4%,6,1.5,1.5,0.6,0.65,2,1.7,0,"8,600"
Off-Road,Insurgent Pick-Up Custom,0.24,100,0.288,13,130,AWD,40%,6,2.5,2.5,0.6,0.65,2,1.7,0,"8,600"
Off-Road,Kalahari,0.26,100,0.312,15,120,AWD,50%,4,1.2,1.3,1,0.6,1.78,1.7,0,800
Off-Road,Kamacho,0.255,400,0.459,10,134,AWD,50%,5,2.1,2.1,0.3,0.65,2,1.82,0.15,"2,350"
Off-Road,Liberator,0.4,-,-,28,110,AWD,20%,3,1.8,1.8,0.65,0.65,2.25,2.12,0.4,"4,000"
Off-Road,Marshall,0.4,-,-,28,110,AWD,20%,3,1.8,1.8,0.65,0.65,2.25,2.12,0.4,"4,000"
Off-Road,Menacer,0.2,100,0.240,13,130,AWD,40%,6,3.5,3.5,0.6,0.65,2,1.65,0,"5,600"
Off-Road,Mesa (Merryweather),0.17,100,0.204,8,130,AWD,10%,5,1.3,1.3,0.3,0.65,2,1.7,0.1,"2,400"
Off-Road,MonstroCiti,0.2735,120,0.339,10.75,141.7,AWD,50%,5,5.5,5.5,0.369,0.57,2.16,2.033,0.15,1990
Off-Road,MonstroCiti (HSW),0.2735,160,0.361,10.75,141.7,AWD,50%,5,5.5,5.5,0.369,0.57,2.16,2.033,0.15,1990
Off-Road,Nightshark,0.27,100,0.324,14,140,AWD,40%,6,3.5,3.5,0.75,0.65,2.1,1.9,0,"4,400"
Off-Road,Outlaw,0.475,100,0.570,30,117,AWD,38%,3,2.3,2.3,0.6,0.5,2.025,1.89,0,850
Off-Road,Patriot Mil-Spec,0.23,70,0.262,10.5,128,AWD,40%,4,1.6,1.6,0.485,0.58,1.985,1.75,0.8,"3,430"
Off-Road,Ramp Buggy,0.32,100,0.384,9.01,150,RWD,0%,6,6,6,1,0.45,2.65,2.55,1,"1,000"
Off-Road,Ramp Buggy (Spoiler),0.324,100,0.389,9,150,RWD,0%,6,6,6,1,0.45,2.65,2.55,1,"1,000"
Off-Road,Rancher XL,0.18,100,0.216,8.5,130,AWD,30%,5,1.6,1.6,0.8,0.6,1.95,1.75,0.8,"2,400"
Off-Road,Ratel,0.342,180,0.465,12.8,143,RWD,0%,4,4.3,4.3,0.32,0.56,2.098,1.903,0.15,1860
Off-Road,RC Bandito,0.14,110,0.171,12,80,AWD,50%,1,2,2,0.8,0.6,2.95,2.8,0,85
Off-Road,Rebel,0.2,100,0.240,8,130,AWD,30%,5,1.6,1.6,0.6,0.65,2.05,1.85,0.2,"2,400"
Off-Road,Riata,0.25,100,0.300,10,135,AWD,50%,4,4.3,4.3,0.3,0.65,2.05,1.8,0.15,"2,300"
Off-Road,Rusty Rebel,0.2,100,0.240,8,130,AWD,30%,5,1.6,1.6,0.6,0.65,2.05,1.85,0.2,"2,400"
Off-Road,Sandking SWB,0.2,100,0.240,8,130,AWD,35%,6,1.8,1.8,0.6,0.65,2,1.7,0.8,"2,400"
Off-Road,Sandking XL,0.2,100,0.240,8,130,AWD,35%,6,1.8,1.8,0.6,0.65,2,1.7,0.8,"2,400"
Off-Road,Sasquatch,0.41,125,0.513,22,130,AWD,40%,3,2.8,2.8,0.65,0.65,2.275,2.15,0.35,"4,400"
Off-Road,Space Docker,0.24,-,-,11,135,RWD,0%,5,2.3,2.3,0.63,0.5,2,1.8,0.5,"2,000"
Off-Road,Street Blazer,0.25,100,0.300,11,125,AWD,50%,6,2.3,2.3,1,0.65,2.7,2.5,0.1,550
Off-Road,Technical,0.2,-,-,8,130,AWD,30%,5,1.6,1.6,0.7,0.65,2.13,1.95,0,"3,200"
Off-Road,Technical Aqua,0.25,100,0.300,10.5,130,AWD,30%,5,1.9,1.9,0.7,0.65,2.13,1.95,0,"3,200"
Off-Road,Technical Custom,0.2,100,0.240,8,130,AWD,30%,5,1.6,1.6,0.7,0.65,2.13,1.95,0,"3,200"
Off-Road,Terminus,0.269,250,0.404,9.435,148,AWD,50%,6,2.4,2.3,0.55,0.415,2.1875,2.0085,0.15,"2,000"
Off-Road,Trophy Truck,0.339,100,0.407,13,140,AWD,50%,5,4.3,4.3,0.3,0.65,2.5,2.1,0.15,"2,200"
Off-Road,Vagrant,0.3325,85,0.389,10.55,149.65,RWD,0%,6,2.3,2.3,0.625,0.48,2.35,2.18,0,670
Off-Road,Verus,0.135,100,0.162,11,115,AWD,45%,5,1.3,1.3,0.26,0.45,2.1,1.85,0,750
Off-Road,Walton L35,0.236,180,0.321,9.95,132,AWD,35%,5,3.5,3.5,0.32,0.62,2.038,1.915,0.15,1600
Off-Road,Walton L35 Stock,0.236,180,0.321,8.5,139,AWD,35%,5,3.5,3.5,0.32,0.62,2.1,1.945,0.35,"1,455"
Off-Road,Winky,0.15,70,0.171,9.2,90,AWD,48%,5,1.3,1.3,0.26,0.48,1.85,1.7,0.1,"1,113"
Off-Road,Yosemite 1500,0.2335,100,0.280,7.75,133.5,AWD,50%,4,1.5,1.5,0.53,0.424,2,1.82,0.2,1830
Off-Road,Yosemite Rancher,0.275,100,0.330,11.5,139,AWD,50%,4,2.8,2.8,0.48,0.7,2.1,1.85,0.15,"1,400"
Off-Road,Zhaba,0.18,85,0.211,12.5,92.5,AWD,40%,5,1.8,1.8,0.8,0.58,1.9,1.7,0.8,"1,600"
Open Wheel,BR8,0.76,110,0.927,23.15,162.5,RWD,0%,6,13,11,1.3,0.475,2.925,2.775,1,550
Open Wheel,DR1,0.655,75,0.753,19,162.75,RWD,0%,6,12,10,1.15,0.475,2.8,2.75,1,750
Open Wheel,PR4,0.75,60,0.840,22.76,162.5,RWD,0%,6,12,10,1.25,0.475,2.9,2.75,1,505
Open Wheel,R88,0.745,60,0.834,22.75,162.5,RWD,0%,6,12,10,1.25,0.475,2.8,2.75,1,585
Sedans,Asea,0.2,100,0.240,8,145,FWD,100%,5,1.6,1.6,0.4,0.65,2.05,1.6,1,"1,400"
Sedans,Asterope,0.2,100,0.240,8,145,RWD,0%,5,2,2,0.9,0.425,2.5,2.2,1,"1,500"
Sedans,Asterope GZ,0.238,200,0.333,8,145,RWD,0%,5,2,2,0.9,0.425,2.335,2.22,1,"1,500"
Sedans,Chavos V6,0.274,132,0.346,8,146,RWD,0%,5,2,2,0.69,0.4475,2.554,2.367,1,1430
Sedans,Cinquemila,0.3535,80,0.410,10.7,154,RWD,0%,8,3.8,3.8,0.975,0.54,2.63,2.37,1,"1,860"
Sedans,Cognoscenti,0.26,100,0.312,7.75,140,RWD,0%,5,2.5,2.5,0.55,0.65,2.1,1.65,1,"2,700"
Sedans,Cognoscenti (Armored),0.255,100,0.306,7.75,140,RWD,0%,5,2.5,2.5,0.52,0.65,2.1,1.65,1,"2,800"
Sedans,Cognoscenti 55,0.265,100,0.318,7.75,145,RWD,0%,5,2.5,2.5,0.57,0.65,2.2,1.75,1,"2,500"
Sedans,Cognoscenti 55 (Armored),0.26,100,0.312,7.75,145,RWD,0%,5,2.5,2.5,0.55,0.65,2.2,1.75,1,"2,600"
Sedans,Deity,0.2925,70,0.333,10,150,RWD,0%,8,1.95,1.95,0.65,0.65,2.15,1.85,1,"2,685"
Sedans,Emperor,0.14,100,0.168,6,120,RWD,0%,5,1.3,1.3,0.6,0.425,1.9,1.55,1,"1,900"
Sedans,Emperor Beater,0.14,100,0.168,6,120,RWD,0%,5,1.3,1.3,0.6,0.425,1.9,1.55,1,"1,900"
Sedans,Fugitive,0.2,100,0.240,7,145,RWD,0%,5,2.3,2.3,0.9,0.425,2.5,2.2,1,"1,600"
Sedans,Glendale,0.235,100,0.282,9.5,147,RWD,0%,5,1.6,1.6,0.65,0.55,2.05,1.7,1,"1,600"
Sedans,Glendale Custom,0.233,180,0.317,9.3,148,RWD,0%,5,1.6,1.6,0.625,0.55,2.25,1.95,1,"1,550"
Sedans,Hardy,0.2712,320,0.445,7.5,157.6,RWD,0%,5,1.25,1.25,0.5662,0.45,2.025,1.9,1,"1,350"
Sedans,Ingot,0.14,100,0.168,7,125,FWD,100%,5,1.3,1.3,0.6,0.65,1.95,1.65,1,"1,400"
Sedans,Intruder,0.2,100,0.240,7.5,145,RWD,0%,5,2.3,2.3,0.9,0.425,2.35,2.05,1,"1,600"
Sedans,Minimus,0.2815,120,0.349,8.65,148.5,RWD,0%,4,2.5,2.2,0.55,0.57,2.55,2.345,1,"1,600"
Sedans,Premier,0.2,100,0.240,8,145,FWD,100%,5,1.6,2,0.6,0.65,2.1,1.8,1,"1,600"
Sedans,Primo,0.2,100,0.240,8,140,RWD,0%,5,1.6,1.6,0.9,0.425,2.35,2.05,1,"1,800"
Sedans,Primo Custom,0.2,100,0.240,8,140,RWD,0%,5,1.6,1.6,0.9,0.425,2.35,2.05,1,"1,800"
Sedans,Regina,0.14,100,0.168,8,120,RWD,0%,4,1.3,1.3,0.6,0.425,1.9,1.55,1,"1,900"
Sedans,Rhinehart,0.339,90,0.400,10.75,157.2,AWD,50%,8,5,5,0.885,0.54,2.285,2.155,0.8,"1,660"
Sedans,Romero Hearse,0.15,100,0.180,8,125,RWD,0%,5,1.3,1.3,0.5,0.65,1.95,1.55,1,"2,000"
Sedans,Schafter,0.2,200,0.280,7.5,145,RWD,0%,5,2,2,0.9,0.425,2.55,2.25,1,"1,600"
Sedans,Schafter LWB (Armored),0.185,200,0.259,7.5,142,RWD,0%,5,3,3,0.82,0.425,2.55,2.25,1,"2,000"
Sedans,Schafter V12 (Armored),0.29,200,0.406,7.25,150,RWD,0%,6,5,5,0.92,0.425,2.55,2.25,1,"1,650"
Sedans,Sentinel XS4,0.295,300,0.472,9,160,RWD,0%,5,1.6,1.7,0.65,0.46,2.05,1.9,1,"1,440"
Sedans,Stafford,0.2,100,0.240,8.2,120,RWD,0%,4,1.25,1.25,0.45,0.51,2,1.8,1,"2,110"
Sedans,Stanier,0.2,100,0.240,6,140,RWD,0%,5,1.6,1.6,0.9,0.425,2.45,2.25,1,"1,800"
Sedans,Stratum,0.21,100,0.252,7,135,AWD,40%,5,1.3,1.3,0.6,0.65,2.2,1.8,1,"1,800"
Sedans,Stretch,0.17,-,-,6,135,RWD,0%,5,1.3,1.3,0.8,0.425,1.85,1.4,1,"2,400"
Sedans,Super Diamond,0.26,100,0.312,8,145,RWD,0%,5,1.8,1.8,0.6,0.65,2.1,1.65,1,"2,800"
Sedans,Surge,0.1,100,0.120,8.3,140,FWD,100%,1,1.3,1.3,0.6,0.65,2.15,1.85,1,"1,800"
Sedans,Tailgater,0.2,100,0.240,8,145,RWD,0%,5,2.3,2.3,0.9,0.425,2.55,2.25,1,"1,400"
Sedans,Tailgater S,0.2775,130,0.350,8.2,147.85,RWD,0%,6,2.3,2.3,0.88,0.425,2.595,2.32,1,"1,340"
Sedans,Turreted Limo,0.27,-,-,12,125,RWD,0%,4,1.3,1.3,0.8,0.425,2.175,1.85,1,"3,750"
Sedans,Vorschlaghammer,0.265,300,0.424,9.1,157,RWD,0%,5,1.6,1.6,0.625,0.47,2.065,1.922,1,1370
Sedans,Warrener,0.245,150,0.319,11,140,RWD,0%,5,2.6,2.6,0.95,0.6,2.16,1.83,1,"1,300"
Sedans,Warrener HKR,0.265,120,0.329,11,146,RWD,0%,5,2.6,2.6,0.95,0.6,2.16,1.83,0.7,965
Sedans,Washington,0.2,100,0.240,6,140,RWD,0%,5,1.7,1.7,0.9,0.425,2.45,2.25,1,"1,800"
Service,Airport Bus,0.12,-,-,10,100,AWD,50%,4,1,1,0.25,0.65,1.45,1.35,0.9,"9,000"
Service,Brickade,0.2,-,-,12,105,AWD,25%,5,3.5,3.5,0.4,0.6,2,1.8,0.5,"14,000"
Service,Brickade 6x6,0.2,80,0.232,12,105,AWD,25%,5,3.5,3.5,0.4,0.6,2,1.8,0.5,"14,000"
Service,Bus,0.12,-,-,10,100,AWD,50%,4,1,1,0.35,0.65,1.45,1.35,0.9,"9,000"
Service,Dashound,0.12,-,-,10,100,AWD,20%,4,1,1,0.25,0.65,1.45,1.35,0.7,"8,500"
Service,Dune,0.33,-,-,14.5,125,AWD,35%,5,4.5,4.5,0.6,0.6,2.3,1.9,0.5,"7,000"
Service,Festival Bus,0.13,-,-,15,90,RWD,0%,4,1,1,0.25,0.65,1.15,1,0.9,"8,000"
Service,Rental Shuttle Bus,0.12,-,-,10,110,RWD,0%,4,1,1,0.25,0.65,1.55,1.45,0.9,"5,500"
Service,Taxi,0.2,-,-,6,143,RWD,0%,5,1.8,1.8,0.9,0.525,2.55,2.45,1,"1,400"
Service,Taxi Custom,0.2,100,0.240,6,143,RWD,0%,5,1.8,1.8,0.9,0.525,2.55,2.45,1,"1,400"
Service,Tour Bus,0.12,-,-,10,110,RWD,0%,4,1,1,0.25,0.65,1.55,1.45,0.9,"5,500"
Service,Trashmaster,0.13,-,-,4,110,RWD,0%,5,1.3,1.3,0.3,0.6,1.55,1.4,0.5,"9,000"
Service,Vivanite (KnoWay),0.1095,-,-,6.8,156,AWD,70%,1,4,4,0.78,0.41,2.1785,2.062,1,"2,180"
Service,Wastelander,0.33,-,-,14.5,125,AWD,35%,5,4.5,4.5,0.6,0.6,2.3,1.9,0.5,"7,000"
Sports,10F,0.3545,180,0.482,10.275,159.35,RWD,0%,7,4.5,4.5,1.1,0.45,2.68,2.345,1,"1,650"
Sports,10F Widebody,0.356,210,0.506,10.175,160.25,RWD,0%,7,4.7,4.7,1.15,0.45,2.69,2.35,1,"1,650"
Sports,300R,0.3288,160,0.434,9.85,151.65,RWD,0%,6,3.3,3.3,0.78,0.5125,2.495,2.295,1,"1,590"
Sports,8F Drafter,0.342,100,0.410,10.4,150,AWD,40%,6,3.1,3.1,1,0.52,2.695,2.455,1,"1,650"
Sports,9F,0.33,100,0.396,9.5,155,AWD,20%,6,3,3,1,0.45,2.55,2.25,1,"1,300"
Sports,9F Cabrio,0.33,100,0.396,9.5,155,AWD,20%,6,3,3,1,0.45,2.55,2.25,1,"1,300"
Sports,Alpha,0.33,100,0.396,9.1,150,RWD,0%,6,2.2,2.2,1,0.45,2.5,2.17,1,"1,800"
Sports,Banshee,0.34,200,0.476,10.5,148,RWD,0%,5,2.2,2.2,1,0.55,2.42,2.32,1,"1,200"
Sports,Banshee (HSW),0.34,235,0.500,10.5,148,RWD,0%,5,2.2,2.2,1,0.55,2.42,2.32,1,"1,200"
Sports,Banshee GTS,0.3878,100,0.465,9.35,182.7,RWD,0%,6,2.2,2.3,0.72,0.54,2.6065,2.482,1,1550
Sports,Banshee GTS (HSW),0.3878,125,0.485,9.35,182.7,RWD,0%,6,2.2,2.3,0.72,0.54,2.6065,2.482,1,1550
Sports,Bestia GTS,0.32,100,0.384,9.5,155,AWD,30%,6,5.2,5.2,1,0.55,2.42,2.32,1,"1,800"
Sports,Blista Compact,0.23,100,0.276,8,132,FWD,100%,5,1.7,1.7,0.55,0.65,2.1,1.75,1,"1,050"
Sports,Buffalo,0.27,100,0.324,8.5,145,RWD,0%,5,2,2,0.9,0.425,2.45,2.2,1,"1,650"
Sports,Buffalo S,0.29,100,0.348,8.9,145,RWD,0%,5,2.3,2.3,0.9,0.425,2.45,2.2,1,"1,650"
Sports,Calico GTF,0.3385,100,0.406,9.475,149.75,AWD,48%,5,5.8,5.8,0.825,0.4815,2.435,2.1745,1,"1,448"
Sports,Carbonizzare,0.35,100,0.420,10.5,158,RWD,0%,6,6,6,0.8,0.5,2.38,2.2,1,"1,600"
Sports,Comet,0.34,100,0.408,9.2,152,RWD,0%,5,2.2,2.2,0.8,0.6,2.6,2.15,1,"1,400"
Sports,Comet Retro Custom,0.34,100,0.408,9.21,152,RWD,0%,5,2.2,2.2,0.8,0.6,2.8,2.35,1,"1,200"
Sports,Comet S2,0.346,100,0.415,9.45,156.4,RWD,0%,7,4.2,4.2,0.88,0.6,2.655,2.52,1,"1,550"
Sports,Comet S2 Cabrio,0.3495,100,0.419,9.485,156.1,RWD,0%,8,4.2,4.2,0.89,0.6,2.655,2.52,1,"1,650"
Sports,Comet Safari,0.2925,100,0.351,8.6,152,AWD,30%,5,3.2,3.2,0.8,0.6,2.1,1.75,0.3,"1,150"
Sports,Comet SR,0.32,100,0.384,9.95,157.5,RWD,0%,6,6.2,6.2,1.2,0.6,2.7,2.5,1,"1,550"
Sports,Coquette,0.33,100,0.396,8.7,152,RWD,0%,6,2.2,3,0.8,0.55,2.55,2.45,1,"1,400"
Sports,Coquette D10,0.32,110,0.390,9,160,RWD,0%,8,3.6,3.9,0.6,0.55,2.6,2.35,1,"1,600"
Sports,Coquette D5,0.325,200,0.455,9,167.25,RWD,0%,6,1.3,1.45,0.7,0.47,2.637,2.4985,1,1420
Sports,Corsita,0.4,70,0.456,10.48,162.85,RWD,0%,8,8.25,8.25,1.3,0.47,2.726,2.595,1,"1,500"
Sports,Cypher,0.326,100,0.391,10.95,147.85,RWD,0%,6,7.8,7.8,0.7,0.52,2.59,2.46,1,"1,625"
Sports,Drift Tampa,0.33,100,0.396,11,150,AWD,25%,4,4.9,4.9,0.5,0.65,2.25,2.1,1,"1,100"
Sports,Elegy Retro Custom,0.33,100,0.396,10.25,148,AWD,25%,5,6,6,1,0.55,2.7,2.55,1,"1,450"
Sports,Elegy RH8,0.33,100,0.396,9.5,152,AWD,30%,6,2.2,2.2,0.5,0.7,2.7,2.5,1,"1,700"
Sports,Envisage,0.175,180,0.238,9.3,175,RWD,0%,1,5,5,0.82,0.41,2.72,2.59,1.1,2400
Sports,Euros,0.324,100,0.389,9.895,149.85,RWD,0%,7,2.8,2.8,0.9,0.465,2.5615,2.415,1,"1,466"
Sports,Feltzer,0.34,100,0.408,9.5,153,RWD,0%,6,2.2,2.2,0.8,0.65,2.65,2.3,1,"1,450"
Sports,Flash GT,0.32,200,0.448,11.5,152,AWD,20%,6,8.5,8.5,1,0.55,2.45,2.15,0.35,"1,200"
Sports,Furore GT,0.335,100,0.402,8.7,152,RWD,0%,6,2.2,3,1,0.55,2.56,2.47,1,"1,350"
Sports,Fusilade,0.32,100,0.384,9,149,RWD,0%,6,2.1,2.1,0.9,0.425,2.45,2.2,1,"1,500"
Sports,Futo,0.29,150,0.377,6.5,135,RWD,0%,5,1.6,1.6,0.5,0.55,2.05,1.75,1,900
Sports,Futo GTX,0.2965,280,0.463,8.95,137,RWD,0%,5,1.6,1.6,0.525,0.55,2.095,1.785,1,950
Sports,GB200,0.315,150,0.410,11,152,AWD,50%,6,4.5,4.5,1,0.55,2.3,1.96,0.375,"1,180"
Sports,Go Go Monkey Blista,0.23,100,0.276,8,132,FWD,100%,5,1.7,1.7,0.55,0.65,2.1,1.75,1,"1,050"
Sports,Growler,0.33375,120,0.414,9.15,153.85,RWD,0%,7,4.6,4.6,0.84,0.6,2.63,2.495,1,"1,420"
Sports,Hotring Everon,0.3395,160,0.448,10.15,161.45,RWD,0%,6,4.5,3.5,0.685,0.53,2.5445,2.367,1,"1,565"
Sports,Hotring Hellfire,0.36675,130,0.462,10.85,160.85,RWD,0%,4,1.9,1.9,0.935,0.422,2.482,2.338,1,1940
Sports,Hotring Sabre,0.335,100,0.402,10,159,RWD,0%,4,4.5,3.5,0.7,0.5,2.55,2.35,1,"1,508"
Sports,Imorgon,0.66,80,0.766,26.8,148.5,AWD,50%,2,8.5,8.5,0.835,0.52,2.598,2.375,1,"1,600"
Sports,Issi Sport,0.305,125,0.381,12.1,148,AWD,65%,6,8.5,8.5,1,0.55,2.55,2.25,0.35,"1,000"
Sports,Itali GTO,0.4,100,0.480,10.427,161.2,AWD,50%,6,8,8,1.1,0.45,2.62,2.5,1,"1,520"
Sports,Itali RSX,0.40125,100,0.482,10.53,163.15,AWD,50%,8,8,8,1.35,0.46,2.737,2.555,1,"1,600"
Sports,Jester,0.3,100,0.360,9.5,158,AWD,20%,6,3.3,3.3,0.95,0.51,2.55,2.25,1.4,"1,300"
Sports,Jester (Racecar),0.31,100,0.372,9.5,158,AWD,20%,6,3.3,3.3,0.95,0.51,2.57,2.27,1.4,"1,300"
Sports,Jester Classic,0.32,250,0.480,9.25,156,RWD,0%,5,3.3,3.3,0.95,0.51,2.575,2.35,1,"1,600"
Sports,Jester RR,0.3291,120,0.408,9.77,152.5,RWD,0%,8,3.3,3.3,0.85,0.4992,2.59,2.37,1,"1,575"
Sports,Jugular,0.378,100,0.454,11.5,157.5,AWD,30%,8,8.1,8.1,1.1,0.54,2.62,2.38,1,"1,745"
Sports,Khamelion,0.15,100,0.180,8.2,140,RWD,0%,1,1.3,1.3,0.9,0.425,2.6,2.35,1,"1,800"
Sports,Komoda,0.367,110,0.448,10.4,156,RWD,0%,6,4.1,4.1,0.95,0.52,2.69,2.45,1,"1,575"
Sports,Kuruma,0.31,100,0.372,9.5,143,AWD,33%,6,1.8,1.8,0.5,0.6,2.45,1.975,0,"1,500"
Sports,Kuruma (Armored),0.31,100,0.372,10,140,AWD,33%,6,2.2,2.2,0.5,0.6,2.25,1.875,0,"3,200"
Sports,La Coureuse,0.37,125,0.463,10.8,139.85,RWD,0%,4,10,10,0.8,0.45,2.435,2.295,0.35,1500
Sports,La Coureuse (HSW),0.37,150,0.481,10.8,139.85,RWD,0%,4,10,10,0.8,0.45,2.435,2.295,0.35,1500
Sports,Locust,0.334,100,0.401,9.6,154.7,RWD,0%,6,6,6,1,0.45,2.685,2.56,1,920
Sports,LSCM Jester RR,0.3291,120,0.408,10.35,152.5,RWD,0%,7,3.3,3.3,0.85,0.4992,2.725,2.63,1,1485
Sports,Lynx,0.315,100,0.378,8.7,157,RWD,0%,6,3.1,3.1,1,0.55,2.56,2.35,1,"1,725"
Sports,Massacro,0.364,100,0.437,10,156.2,RWD,0%,6,3,3,0.9,0.45,2.42,2.23,1,"1,700"
Sports,Massacro (Racecar),0.364,100,0.437,10,156.2,RWD,0%,6,3,3,0.9,0.45,2.43,2.25,1,"1,700"
Sports,Neo,0.387,100,0.464,10.52,160.85,AWD,50%,6,8,8,1.2,0.45,2.62,2.48,1,"1,390"
Sports,Neon,0.2505,100,0.301,11,156.5,AWD,50%,1,9,9,1.3,0.6,2.275,2.2,1,"2,000"
Sports,Niobe,0.3805,100,0.457,10.5,167,AWD,20%,6,3,2.9,0.76,0.468,2.605,2.435,1,1555
Sports,Niobe (HSW),0.3805,150,0.495,10.5,167,AWD,20%,6,3,2.9,0.76,0.468,2.605,2.435,1,1555
Sports,Omnis,0.305,100,0.366,11,152,AWD,50%,5,4,4,1,0.55,2,1.65,0.4,"1,090"
Sports,Omnis e-GT,0.58,90,0.684,20.75,149.75,AWD,40%,2,9,9,1,0.53,2.595,2.325,1,"2,350"
Sports,Panthere,0.3462,100,0.415,9.75,157.85,RWD,0%,7,6,6,0.84,0.5732,2.5814,2.4078,1,"1,100"
Sports,Paragon R,0.329,100,0.395,11.43,159.9,AWD,50%,8,3.1,3.1,1,0.53,2.675,2.515,1,"2,415"
Sports,Paragon R (Armored),0.3275,100,0.393,11.46,160,AWD,50%,8,3.1,3.1,0.95,0.53,2.675,2.515,1,"2,555"
Sports,Paragon S,0.33,250,0.495,10.1,159.5,AWD,50%,7,3.6,3.6,1.1,0.5185,2.515,2.3505,1,2315
Sports,Pariah,0.321,400,0.578,9.1,155.1,RWD,0%,6,3.4,3.4,1,0.52,2.625,2.45,1,"1,500"
Sports,Penumbra,0.22,100,0.264,8,140,RWD,0%,5,1.9,1.9,0.8,0.65,2.25,1.85,1,"1,400"
Sports,Penumbra FF,0.3,180,0.408,10,142,AWD,50%,5,2.1,2.2,0.8,0.65,2.35,2.2,1,"1,300"
Sports,Raiden,0.245,100,0.294,11.25,156.25,AWD,35%,1,9,9,1.3,0.6,2.15,2,1,"2,100"
Sports,Rapid GT,0.36,100,0.432,10,152,RWD,0%,6,3,3,1,0.45,2.45,2.25,1,"1,600"
Sports,Rapid GT Cabrio,0.36,100,0.432,10,152,RWD,0%,6,3,3,1,0.45,2.45,2.25,1,1600
Sports,Rapid GT X,0.35,200,0.490,8.8,167,RWD,0%,6,2.1,2,0.8,0.525,2.45,2.3,1,"1,650"
Sports,Raptor,0.295,100,0.354,11,140,RWD,0%,6,2.3,2.3,1.2,0.65,2.6,2.4,0,500
Sports,Remus,0.327,120,0.405,10.2,146.8,RWD,0%,5,5.5,5.5,0.9,0.52,2.685,2.515,1,"1,105"
Sports,Revolter,0.35,100,0.420,12.5,140,AWD,50%,6,5.2,6,0.8,0.5,2.25,1.95,1,"2,600"
Sports,RT3000,0.312,125,0.390,9,149,RWD,0%,6,2.2,2.2,1,0.458,2.58,2.195,1,"1,275"
Sports,Ruston,0.325,100,0.390,10.25,148,RWD,0%,5,6.2,6.2,1.2,0.5,2.6,2.45,1,800
Sports,S95,0.331,80,0.384,10.15,151.5,RWD,0%,6,8.1,8.1,1.1,0.52,2.51,2.27,1,"1,270"
Sports,S95 (HSW),0.331,125,0.414,10.15,151.5,RWD,0%,6,8.1,8.1,1.1,0.52,2.51,2.27,1,"1,270"
Sports,Schafter LWB,0.2,200,0.280,7.5,142,RWD,0%,5,3,3,0.85,0.425,2.55,2.25,1,"1,850"
Sports,Schafter V12,0.3,200,0.420,7.25,150,RWD,0%,6,5,5,0.95,0.425,2.55,2.25,1,"1,500"
Sports,Schlagen GT,0.37,125,0.463,9.5,159.2,RWD,0%,7,6.2,6.5,0.8,0.65,2.5,2.3,1,"1,550"
Sports,Schwartzer,0.29,100,0.348,8,147,RWD,0%,5,2,2,0.9,0.425,2.3,1.95,1,"1,400"
Sports,Sentinel Classic,0.265,100,0.318,8.5,140,RWD,0%,5,5.2,6,0.8,0.5,2.25,1.95,1,"1,100"
Sports,Sentinel Classic Widebody,0.295,110,0.360,8.55,146.8,RWD,0%,5,6.2,7,0.88,0.497,2.295,2.0175,1,"1,040"
Sports,Sentinel GTS,0.33,200,0.462,8.7,166.7,RWD,0%,6,3,3,0.7,0.492,2.5,2.3,1,"1,870"
Sports,Seven-70,0.335,100,0.402,8.7,159,RWD,0%,6,3.1,3.1,1,0.55,2.56,2.35,1,"1,650"
Sports,SM722,0.358,160,0.473,10.9,160.88,RWD,0%,5,6.5,6.5,0.85,0.432,2.508,2.305,1,"1,551"
Sports,Specter,0.32,100,0.384,9.1,155,RWD,0%,6,3.1,3.1,1,0.52,2.62,2.4,1,"1,550"
Sports,Specter Custom,0.33,100,0.396,9.2,155.2,RWD,0%,6,4,4,1.1,0.52,2.67,2.55,1,"1,450"
Sports,Sprunk Buffalo,0.31,100,0.372,8.9,147,RWD,0%,5,2.5,2.5,1,0.425,2.45,2.25,1,"1,550"
Sports,Stinger TT,0.398,100,0.478,10.412,162,RWD,0%,8,8.5,8.5,0.98,0.454,2.6165,2.5094,1,1570
Sports,Stinger TT (HSW),0.398,120,0.494,10.412,162,RWD,0%,8,8.5,8.5,0.98,0.454,2.6165,2.5094,1,1570
Sports,Streiter,0.2125,100,0.255,6.6,140,AWD,50%,6,3.2,3.2,0.8,0.6,2.08,1.74,0.6,"2,010"
Sports,Sugoi,0.31,150,0.403,10.4,156,FWD,100%,6,4,4.1,0.85,0.62,2.49,2.25,1,"1,380"
Sports,Sultan,0.26,200,0.364,8,145,AWD,40%,5,1.8,1.8,0.4,0.65,2.35,1.95,1,"1,400"
Sports,Sultan Classic,0.33,180,0.449,10.5,145,AWD,50%,5,2.3,2.4,0.5,0.6,2.495,2.255,0,"1,100"
Sports,Sultan RS Classic,0.3385,170,0.454,10.6,146.5,AWD,40%,5,2.3,2.4,0.52,0.6,2.485,2.255,0,"1,150"
Sports,Surano,0.34,100,0.408,9.1,155,RWD,0%,6,2.2,2.2,1,0.45,2.55,2.15,1,"1,600"
Sports,Tropos Rallye,0.225,100,0.270,7.25,152,RWD,0%,6,5.2,6,0.7,0.5,2.05,1.85,0.4,800
Sports,V-STR,0.379,110,0.462,11.9,159.25,RWD,0%,8,6.1,6.1,0.625,0.53,2.58,2.375,1,"1,878"
Sports,Vectre,0.324,100,0.389,11.725,148.5,AWD,30%,8,8.1,8.1,0.6,0.525,2.635,2.425,1,"1,765"
Sports,Verlierer,0.335,100,0.402,7.8,150,RWD,0%,5,4,4,1,0.55,2.43,2.35,1,"1,100"
Sports,Veto Classic,0.45,70,0.513,29.75,75,RWD,0%,1,2,2,0.35,0.4,2.85,2.75,0,450
Sports,Veto Modern,0.4275,70,0.487,25,80,RWD,0%,1,2,2,0.4,0.38,2.925,2.9,0,600
Sports,ZR350,0.33,110,0.403,9.78,149.8,RWD,0%,5,2.1,2.2,0.85,0.533,2.485,2.36,1,"1,300"
Sports,ZR380,0.35,150,0.455,9.5,158,RWD,0%,6,4,4,0.8,0.65,2.5,2.1,0.7,"1,600"
Sports Classics,190z,0.27,100,0.324,9.1,140,RWD,0%,5,2.8,2.8,0.95,0.7,2.3,2.05,1,"1,100"
Sports Classics,Ardent,0.285,100,0.342,8,148,RWD,0%,5,5,5,0.9,0.6,2.65,2.6,1,"1,200"
Sports Classics,Astrale,0.32,100,0.384,8.675,166.5,RWD,0%,5,2,2.1,0.66,0.51,2.535,2.365,1,"1,400"
Sports Classics,Astrale (HSW),0.32,150,0.416,8.675,166.5,RWD,0%,5,2,2.1,0.66,0.51,2.535,2.365,1,"1,400"
Sports Classics,Casco,0.32,100,0.384,8,151,RWD,0%,5,2.2,2.2,0.6,0.65,2.3,2.05,1,"1,100"
Sports Classics,Cheburek,0.265,250,0.398,8.5,140,RWD,0%,5,5.2,6,0.8,0.5,2.25,1.95,1,"1,100"
Sports Classics,Cheetah Classic,0.3,100,0.360,7.75,152,RWD,0%,5,4,4,0.8,0.65,2.65,2.55,1,"1,500"
Sports Classics,Coquette Classic,0.34,100,0.408,9.5,151,RWD,0%,4,2.6,3,0.5,0.55,2.3,2.05,1,"1,400"
Sports Classics,Coquette D1,0.278,170,0.373,7.9,160,RWD,0%,3,1.4,1.3,0.6,0.476,2.325,2.181,1,1350
Sports Classics,Deluxo,0.2275,400,0.410,7.5,140,RWD,0%,4,5.2,6,0.7,0.7,2.05,1.85,0.4,"1,600"
Sports Classics,Dynasty,0.18,200,0.252,8.2,118,RWD,0%,5,1.25,1.25,0.4,0.52,1.7,1.4,1,"1,100"
Sports Classics,Fagaloa,0.21,100,0.252,11.5,120,RWD,0%,3,2.2,2.5,0.775,0.56,2.375,1.9,1,"1,100"
Sports Classics,Franken Stange,0.355,100,0.426,12.2,135,RWD,0%,4,1.4,1.4,0.55,0.51,1.94,1.7,0.8,"1,800"
Sports Classics,GT500,0.29,100,0.348,9.1,140.2,RWD,0%,5,2.8,2.8,0.77,0.7,2.2,2,1,800
Sports Classics,GT750,0.332,40,0.359,9.1,161,RWD,0%,5,1.2,1.3,0.47,0.4875,2.38,2.2515,1,"1,600"
Sports Classics,Infernus Classic,0.33,100,0.396,9.8,149.5,RWD,0%,6,3.5,3.5,0.5,0.55,2.635,2.435,1,"1,400"
Sports Classics,Itali Classic,0.3,100,0.360,7.85,156,RWD,0%,5,1.6,1.7,0.6,0.57,2.575,2.42,1,"1,470"
Sports Classics,JB 700,0.26,100,0.312,6,150,RWD,0%,5,1.9,1.9,0.6,0.65,2.15,1.75,1,"1,600"
Sports Classics,JB 700W,0.26,110,0.317,6,150,RWD,0%,5,1.9,1.9,0.6,0.65,2.15,1.75,1,"1,600"
Sports Classics,LSCM Cheetah Classic,0.3,120,0.372,8.45,152,RWD,0%,5,4,4,0.8,0.65,2.7,2.57,1,"1,400"
Sports Classics,Mamba,0.34,100,0.408,9.5,148,RWD,0%,4,3,3.2,0.5,0.55,2.5,2.05,1,"1,160"
Sports Classics,Manana,0.16,100,0.192,6,130,RWD,0%,4,1.3,1.3,0.25,0.65,1.95,1.65,1,"2,100"
Sports Classics,Michelli GT,0.2825,150,0.367,9.4,140,RWD,0%,5,2.8,2.8,0.75,0.7,2.3,2.05,0.6,840
Sports Classics,Monroe,0.28,100,0.336,6,150,RWD,0%,5,2.2,2.2,0.65,0.65,2.2,1.85,1,"1,200"
Sports Classics,Nebula Turbo,0.24,180,0.326,11,138,RWD,0%,4,4.9,4.9,0.5,0.65,1.95,1.65,1,"1,320"
Sports Classics,Peyote,0.16,100,0.192,6,130,RWD,0%,4,1.3,1.3,0.25,0.65,1.85,1.45,1,"2,100"
Sports Classics,Peyote Custom,0.205,180,0.279,6.25,140,RWD,0%,4,1.55,1.55,0.28,0.65,1.98,1.62,1,"2,250"
Sports Classics,Pigalle,0.265,100,0.318,5.9,149,FWD,100%,5,2,2,0.85,0.54,2.36,2.11,1,"1,500"
Sports Classics,Rapid GT Classic,0.3,200,0.420,8.95,149.5,RWD,0%,5,3,3,0.5,0.5,2.6,2.35,1,"1,570"
Sports Classics,Retinue,0.2275,200,0.319,7.5,140,RWD,0%,4,5.2,6,0.7,0.7,2.05,1.85,0.4,900
Sports Classics,Retinue Mk II,0.2775,180,0.377,8.5,145,RWD,0%,4,5.2,6,0.72,0.7,2.05,1.85,0.4,950
Sports Classics,Roosevelt,0.27,100,0.324,10.2,125,RWD,0%,4,1.5,1.5,0.55,0.51,2.1,1.9,0.8,"2,400"
Sports Classics,Roosevelt Valor,0.27,100,0.324,10.2,125,RWD,0%,4,1.5,1.5,0.55,0.51,2.1,1.9,0.8,"2,420"
Sports Classics,Savestra,0.2375,200,0.333,7.5,140,RWD,0%,4,5.2,6,0.7,0.7,2.05,1.85,1,880
Sports Classics,Stinger,0.26,100,0.312,8,145,RWD,0%,5,2.2,2.2,0.6,0.65,2.15,1.65,1,"1,100"
Sports Classics,Stinger GT,0.26,100,0.312,8,145,RWD,0%,5,2.2,2.2,0.6,0.65,2.15,1.65,1,"1,100"
Sports Classics,Stirling GT,0.3,180,0.408,9.5,138,RWD,0%,5,2.2,2.2,0.8,0.65,2.35,2.1,1,"1,330"
Sports Classics,Stirling GT (HSW),0.3,220,0.432,9.5,138,RWD,0%,5,2.2,2.2,0.8,0.65,2.35,2.1,1,"1,330"
Sports Classics,Stromberg,0.29,100,0.348,9.1,150,RWD,0%,6,6,6,1,0.45,2.5,2.4,1,"1,300"
Sports Classics,Swinger,0.39,100,0.468,12,160,RWD,0%,5,5,4.5,0.995,0.55,2.4,2.25,1,900
Sports Classics,Toreador,0.3,70,0.342,9.01,150,RWD,0%,5,4,4,1,0.45,2.45,2.4,1,"1,600"
Sports Classics,Torero,0.3,100,0.360,8.75,149.5,RWD,0%,5,3,3,0.5,0.5,2.6,2.4,1,"1,470"
Sports Classics,Tornado,0.16,100,0.192,6,130,RWD,0%,4,1.3,1.3,0.25,0.65,1.8,1.42,0,"2,100"
Sports Classics,Tornado Beater,0.16,100,0.192,6,130,RWD,0%,4,1.3,1.3,0.25,0.65,1.8,1.42,0,"2,100"
Sports Classics,Tornado Cabrio,0.16,100,0.192,6,130,RWD,0%,4,1.3,1.3,0.25,0.65,1.8,1.42,0,"2,100"
Sports Classics,Tornado Custom,0.161,100,0.193,6,130,RWD,0%,4,1.5,1.5,0.255,0.65,1.85,1.42,0,"2,200"
Sports Classics,Tornado Mariachi,0.16,100,0.192,6,130,RWD,0%,4,1.3,1.3,0.25,0.65,1.8,1.42,0,"2,100"
Sports Classics,Tornado Rat Rod,0.28,100,0.336,12,130,RWD,0%,4,1.3,1.3,0.25,0.65,2,1.82,0,"2,100"
Sports Classics,Turismo Classic,0.34,100,0.408,9.5,152.5,RWD,0%,6,3.75,3.75,0.5,0.55,2.65,2.475,1,"1,100"
Sports Classics,Turismo Classic (HSW),0.34,145,0.439,9.5,152.5,RWD,0%,6,3.75,3.75,0.5,0.55,2.65,2.475,1,"1,100"
Sports Classics,Uranus LozSpeed,0.3245,108,0.395,9.675,155,RWD,0%,5,2.2,2.2,0.48,0.51,2.54,2.4165,1,1240
Sports Classics,Viseris,0.3,200,0.420,8.95,155.5,RWD,0%,5,2.2,2.2,0.8,0.6,2.3,2,1,"1,400"
Sports Classics,Z-Type,0.3,100,0.360,6,154,RWD,0%,4,1.3,1.3,0.7,0.5,2.3,2.05,1,"1,000"
Sports Classics,Zion Classic,0.305,100,0.366,10.5,149,RWD,0%,4,2.2,2.2,0.85,0.6,2.35,2.2,1,"1,450"
Supers,811,0.356,100,0.427,8.5,159.3,AWD,20%,6,6,6,1.12,0.65,2.688,2.57,1,"1,600"
Supers,Adder,0.32,100,0.384,7.8,160,AWD,20%,6,3,3,1,0.45,2.5,2.38,1,"1,800"
Supers,Autarch,0.377,100,0.452,10.107,161,RWD,0%,6,7,6,1.2,0.45,2.705,2.62,1,"1,300"
Supers,Banshee 900R,0.3475,100,0.417,12.5,150,RWD,0%,5,6,6,1,0.55,2.5,2.375,1,"1,150"
Supers,Bullet,0.33,100,0.396,9,152,RWD,0%,5,2.2,2.2,0.8,0.55,2.55,2.3,1,"1,100"
Supers,Champion,0.359,80,0.416,9.185,160.8,RWD,0%,6,4.8,4.6,1.15,0.4985,2.5662,2.376,1,"1,500"
Supers,Cheetah,0.32,100,0.384,8.5,153,RWD,0%,6,6,6,0.8,0.65,2.65,2.6,1,"1,400"
Supers,Cyclone,0.2725,100,0.327,11,158,AWD,50%,1,9,9,1.2,0.45,2.25,2.175,1,"1,800"
Supers,Cyclone II,0.3125,90,0.369,11.4,161.35,AWD,50%,1,10,10,1.25,0.435,2.58,2.365,1,"1,800"
Supers,Cyclone II (HSW),0.3125,130,0.394,11.4,161.35,AWD,50%,1,10,10,1.25,0.435,2.58,2.365,1,"1,800"
Supers,Deveste Eight,0.42,100,0.504,11,170,RWD,0%,6,8,8,1,0.6,2.725,2.52,1,"3,000"
Supers,Deveste Eight (HSW),0.42,113,0.515,11,170,RWD,0%,6,8,8,1,0.6,2.725,2.52,1,"3,000"
Supers,Emerus,0.378,160,0.499,10.35,161.3,RWD,0%,7,7.5,7,1.2,0.55,2.78,2.58,1,"1,198"
Supers,Entity MT,0.3545,190,0.489,8.32,172,RWD,0%,6,6,6,1,0.58,2.782,2.59,1,"1,420"
Supers,Entity MT (HSW),0.3545,225,0.514,8.32,172,RWD,0%,6,6,6,1,0.58,2.782,2.59,1,"1,420"
Supers,Entity XF,0.33,100,0.396,8.5,155,AWD,20%,6,6,6,0.9,0.55,2.75,2.6,1,"1,500"
Supers,Entity XXR,0.355,125,0.444,8.3,170,RWD,0%,6,6,6,1,0.6,2.77,2.6,1,"1,400"
Supers,ETR1,0.33,100,0.396,9.5,158.5,RWD,0%,6,6,6,1,0.5,2.65,2.55,1,"1,400"
Supers,FMJ,0.3655,100,0.439,8.9,158.4,RWD,0%,6,6,5,1.1,0.45,2.7,2.55,1,"1,315"
Supers,FMJ MK V,0.3875,120,0.481,10.2,176.5,RWD,0%,6,4.8,4.8,0.87,0.495,2.7275,2.535,1,"1,250"
Supers,FMJ MK V (HSW),0.3875,150,0.504,10.2,176.5,RWD,0%,6,4.8,4.8,0.87,0.495,2.7275,2.535,1,"1,250"
Supers,Furia,0.365,70,0.416,10.35,161.2,AWD,50%,6,7.5,7,1,0.55,2.7,2.58,1,"1,898"
Supers,GP1,0.37,100,0.444,10.307,160.5,RWD,0%,6,6,5,1.2,0.45,2.68,2.56,1,"1,100"
Supers,Ignus,0.3835,70,0.437,9.85,160.25,AWD,49%,7,7.8,7.4,1,0.495,2.7675,2.6,1,"1,600"
Supers,Infernus,0.34,100,0.408,9.7,150,AWD,20%,6,6,6,0.5,0.7,2.65,2.45,1,"1,200"
Supers,Itali GTB,0.3365,100,0.404,8.25,159,AWD,30%,6,9,9,1.1,0.45,2.5,2.37,1,"1,800"
Supers,Itali GTB Custom,0.34,100,0.408,8.25,159.2,AWD,30%,6,9,9,1.2,0.45,2.55,2.47,1,"1,600"
Supers,Krieger,0.374,100,0.449,9.42,161.8,AWD,20%,7,9,9,1.12,0.45,2.782,2.68,1,"1,250"
Supers,LM87,0.3765,70,0.429,10.55,162.85,RWD,0%,6,7,6,1.35,0.44,2.77,2.625,1,900
Supers,Luiva,0.38,100,0.456,9,180,RWD,0%,6,2.5,2.5,0.75,0.525,2.625,2.48,1,"1,270"
Supers,Nero,0.3375,100,0.405,8.1,160,AWD,20%,6,3.5,3.5,1,0.45,2.65,2.48,1,"1,995"
Supers,Nero Custom,0.34005,100,0.408,8.1,160.2,AWD,20%,6,4.5,4.5,1.1,0.45,2.675,2.58,1,"1,800"
Supers,Osiris,0.36,100,0.432,10.24,159.1,AWD,30%,6,6,6,1.05,0.45,2.66,2.54,1,"1,350"
Supers,Penetrator,0.3,100,0.360,7.95,159.5,AWD,30%,5,7,6,0.8,0.45,2.58,2.25,1,"1,470"
Supers,Pipistrello,0.224,170,0.300,11.8,166,AWD,33%,1,6,6,0.92,0.416,2.75,2.6,1.3,1600
Supers,RE-7B,0.371,100,0.445,10.327,161,RWD,0%,6,7,6,1.1,0.45,2.68,2.55,1,880
Supers,Reaper,0.365,100,0.438,10.437,159,RWD,0%,6,7,6.5,1.1,0.45,2.67,2.54,1,"1,300"
Supers,Rocket Voltic,0.18,100,0.216,8,145,RWD,0%,1,2.3,1.3,1,0.55,2.53,2.38,1,"1,200"
Supers,S80RR,0.3725,100,0.447,10.75,162.25,RWD,0%,6,7,6,1.25,0.45,2.77,2.625,1,900
Supers,SC1,0.31,100,0.372,9.25,159,RWD,0%,6,9,9,1.12,0.45,2.65,2.5,1,"1,400"
Supers,Scramjet,0.4,100,0.480,12,160,RWD,0%,6,7,6.5,0.95,0.55,2.7,2.245,1,"1,600"
Supers,Sultan RS,0.33,100,0.396,9,148,AWD,25%,5,6,6,1,0.55,2.5,2.15,1,"1,250"
Supers,Suzume,0.23,160,0.304,7.5,170,AWD,25%,1,10,10,0.945,0.53,2.52,2.41,1.25,"1,900"
Supers,T20,0.365,100,0.438,10.427,159.3,AWD,30%,6,7,6,1.1,0.45,2.68,2.55,1,"1,395"
Supers,Taipan,0.357,100,0.428,8.31,170.25,RWD,0%,6,6,6,1,0.6,2.65,2.45,1,"1,400"
Supers,Tempesta,0.36,100,0.432,10.5,157,AWD,30%,6,6,6,1,0.45,2.65,2.55,1,"1,422"
Supers,Tezeract,0.1375,100,0.165,2,169,AWD,30%,1,9,9,1.2,0.6,2.6,2.45,1,"1,800"
Supers,Thrax,0.34,100,0.408,9.2,158.5,AWD,45%,7,4.5,4.5,1.2,0.52,2.72,2.65,1,"1,960"
Supers,Tigon,0.3795,100,0.455,10,161.1,RWD,0%,7,8.2,8.2,1.12,0.45,2.781,2.675,1,"1,250"
Supers,Torero XO,0.385,210,0.547,9.88,161.25,AWD,49%,7,7.8,7.4,1.15,0.494,2.7695,2.575,1,"1,595"
Supers,Turismo Omaggio,0.374,170,0.501,10.67,153,RWD,0%,7,7.3,7.1,1.185,0.445,2.764,2.6195,1.2,"1,435"
Supers,Turismo R,0.353,100,0.424,9.3,155,RWD,0%,6,3.4,3.1,1.2,0.5,2.64,2.45,1,"1,350"
Supers,Tyrant,0.34,150,0.442,8,165,RWD,0%,6,6,6,1,0.6,2.75,2.65,1,"1,175"
Supers,Tyrus,0.371,100,0.445,10.307,161,RWD,0%,6,7,6,1.2,0.45,2.685,2.56,1,915
Supers,Vacca,0.3,100,0.360,7.6,152,RWD,0%,6,6,6,1,0.45,2.6,2.5,1,"1,200"
Supers,Vagner,0.37,100,0.444,9.25,160.9,RWD,0%,6,9,9,1.12,0.45,2.76,2.67,1,"1,000"
Supers,Vigilante,0.375,100,0.450,9.6,160.02,RWD,0%,6,9,9,1.02,0.45,2.775,2.69,1,"7,500"
Supers,Virtue,0.3418,140,0.438,11.8,160.65,AWD,25%,1,10,10,1.28,0.44,2.588,2.4135,1,"1,680"
Supers,Visione,0.355,100,0.426,9.25,160,RWD,0%,6,9,9,1.02,0.45,2.75,2.65,1,"1,400"
Supers,Voltic,0.18,100,0.216,8,145,RWD,0%,1,2.3,1.3,1,0.55,2.53,2.38,1,"1,030"
Supers,Weaponized Ignus,0.3835,80,0.445,9.85,160.25,AWD,49%,7,7.8,7.4,1,0.495,2.7675,2.6,1,"1,650"
Supers,Weaponized Ignus (HSW),0.3835,100,0.460,9.85,160.25,AWD,49%,7,7.8,7.4,1,0.495,2.7675,2.6,1,"1,650"
Supers,X-treme,0.2325,100,0.279,7.8,174,AWD,19%,1,7,7,0.9,0.475,2.535,2.4,1.25,"1,500"
Supers,X80 Proto,0.375,100,0.450,9.25,161,AWD,30%,6,9,9,1.1,0.45,2.7,2.57,1,900
Supers,XA-21,0.364,100,0.437,10.427,159.2,AWD,50%,6,7,6,1.1,0.45,2.68,2.55,1,"1,450"
Supers,Zeno,0.388,100,0.466,9.45,162.8,RWD,0%,7,7.4,7.4,1.2,0.45,2.75,2.48,1,"1,250"
Supers,Zentorno,0.354,100,0.425,10,159,AWD,30%,6,6,6,1,0.45,2.65,2.55,1,"1,500"
Supers,Zorrusso,0.3745,100,0.449,10.2,161,RWD,0%,6,7,6,1.2,0.45,2.728,2.644,1,"1,300"
SUVs,Aleutian,0.2795,100,0.335,5.75,119,AWD,50%,8,4.1,4,0.75,0.45,2.098,1.965,0.4,"2,550"
SUVs,Astron,0.324,80,0.376,7.95,148.7,AWD,44%,7,1.95,1.95,0.48,0.54,2.185,1.92,0.95,"1,970"
SUVs,Astron Custom,0.324,60,0.363,7.95,148.7,AWD,44%,7,1.95,1.95,0.395,0.55,2.185,1.92,0.95,"1,970"
SUVs,Astron Custom (HSW),0.324,80,0.376,7.95,148.7,AWD,44%,7,1.95,1.95,0.395,0.55,2.185,1.92,0.95,"1,970"
SUVs,Baller,0.27,100,0.324,8,135,AWD,60%,5,1.8,1.8,0.6,0.65,2,1.65,0.2,"2,200"
SUVs,Baller (Old),0.21,100,0.252,8,130,AWD,60%,5,1.8,1.8,0.6,0.65,1.9,1.55,0.2,"2,400"
SUVs,Baller LE,0.275,100,0.330,8,135,AWD,60%,5,1.8,1.8,0.6,0.65,2,1.65,0.2,"2,175"
SUVs,Baller LE (Armored),0.27,100,0.324,8,135,AWD,60%,5,1.8,1.8,0.58,0.65,2,1.625,0.2,"2,275"
SUVs,Baller LE LWB,0.27,100,0.324,8,135,AWD,60%,5,1.8,1.8,0.57,0.65,2,1.65,0.2,"2,450"
SUVs,Baller LE LWB (Armored),0.265,100,0.318,8,135,AWD,60%,5,1.8,1.8,0.55,0.65,2,1.625,0.2,"2,550"
SUVs,Baller ST,0.3025,70,0.345,8.4,139.75,AWD,60%,7,1.95,1.95,0.7,0.65,2.2,1.85,0.2,"2,370"
SUVs,Baller ST-D,0.295,200,0.413,7.85,140,AWD,50%,7,5,4.9,0.9225,0.4075,2.283,2.132,0.6,"2,600"
SUVs,BeeJay XL,0.19,100,0.228,8.5,130,AWD,60%,5,1.3,1.3,0.8,0.6,2.05,1.85,0.8,"2,400"
SUVs,Castigator,0.2905,170,0.389,7.65,159,AWD,50%,6,2.8,2.7,0.76,0.46,2.264,2.082,0.4,2050
SUVs,Cavalcade,0.2,100,0.240,8,127,AWD,60%,4,1.9,1.9,0.6,0.65,1.9,1.6,0.9,"2,400"
SUVs,Cavalcade (Old),0.2,100,0.240,8,127,AWD,60%,4,1.9,1.9,0.6,0.65,1.9,1.6,0.9,"2,400"
SUVs,Cavalcade XL,0.2765,100,0.332,8.5,122,AWD,50%,8,4.4,4.3,0.875,0.43,2.225,2.105,0.75,"3,170"
SUVs,Contender,0.26,100,0.312,10,135,AWD,50%,5,2.5,2.5,0.6,0.55,2.1,1.75,0.1,"2,750"
SUVs,Dorado,0.21685,100,0.260,7.15,141.7,AWD,50%,4,1.5,1.4,0.5,0.425,1.845,1.7175,0.5,"2,150"
SUVs,Dubsta,0.2,100,0.240,8.5,140,AWD,60%,5,1.3,1.3,0.8,0.6,2.15,1.85,0.8,"2,400"
SUVs,Dubsta 2,0.2,100,0.240,8.5,140,AWD,60%,5,1.3,1.3,0.8,0.6,2.15,1.85,0.8,"2,400"
SUVs,Everon RS,0.3375,150,0.439,8.25,154.5,AWD,25%,7,2,2,0.45,0.55,2.2,2,0.05,"2,100"
SUVs,FQ2,0.18,100,0.216,6,135,AWD,40%,5,1.6,1.6,0.25,0.65,2,1.75,0.85,"2,400"
SUVs,Granger,0.19,100,0.228,8.5,140,AWD,60%,5,1.3,1.3,0.8,0.6,2.15,1.85,0.8,"2,400"
SUVs,Granger 3600LX,0.2075,70,0.237,11.6,142,AWD,60%,4,1.4,1.4,0.84,0.6,2.18,1.92,0.8,"2,100"
SUVs,Gresley,0.2,100,0.240,8,135,AWD,60%,6,1.8,1.8,0.6,0.65,1.9,1.5,0.9,"2,200"
SUVs,Habanero,0.18,100,0.216,6,137,AWD,40%,5,1.6,1.6,0.25,0.65,2.1,1.8,0.95,"2,400"
SUVs,Huntley S,0.265,100,0.318,8,136,AWD,30%,6,2,2,0.55,0.65,2.1,1.7,0.9,"2,500"
SUVs,I-Wagen,0.2315,100,0.278,14.35,128,AWD,52%,1,1.95,1.95,0.775,0.65,2.365,2.298,1,"2,445"
SUVs,Issi Rally,0.3215,80,0.373,9.365,149.45,AWD,48%,7,3.05,3.05,0.548,0.5485,2.1495,1.9295,0.95,"1,580"
SUVs,Issi Rally (HSW),0.3215,100,0.386,9.365,149.45,AWD,48%,7,3.05,3.05,0.548,0.5485,2.1495,1.9295,0.95,"1,580"
SUVs,Jubilee,0.2975,100,0.357,11.2,151,AWD,35%,8,1.95,1.95,0.75,0.6,2.285,2.06,1,"2,660"
SUVs,Landstalker,0.18,100,0.216,7.5,135,AWD,40%,5,1.7,1.7,0.8,0.6,2.1,1.9,0.8,"2,400"
SUVs,Landstalker XL,0.19,110,0.232,7.75,135,AWD,40%,5,2.7,2.7,0.8,0.6,2.15,1.9,0.7,"2,500"
SUVs,Mesa,0.17,100,0.204,8,130,AWD,10%,5,1.3,1.3,0.3,0.65,2,1.7,0.1,"2,400"
SUVs,Novak,0.3,100,0.360,9,153,AWD,40%,8,5.8,5.8,0.8,0.58,2.3,2,0.8,"2,100"
SUVs,Patriot,0.2,100,0.240,8,130,AWD,40%,5,1.7,1.7,0.32,0.65,1.7,1.3,0.8,"3,500"
SUVs,Patriot Stretch,0.18,100,0.216,8,130,AWD,50%,5,1.7,1.7,0.32,0.65,1.6,1.3,0.95,"5,500"
SUVs,Radius,0.2,100,0.240,7.5,140,AWD,60%,5,1.6,1.6,0.8,0.6,2.25,2.05,0.8,"2,400"
SUVs,Rebla GTS,0.335,100,0.402,10.8,157.5,AWD,50%,8,4.8,4.8,0.85,0.56,2.195,2.025,0.375,"2,185"
SUVs,Rocoto,0.19,100,0.228,6,139,AWD,40%,5,1.8,1.8,0.25,0.65,2.1,1.9,0.95,"2,400"
SUVs,Seminole,0.18,100,0.216,7.5,130,AWD,20%,5,1.6,1.6,0.8,0.6,2.05,1.75,0.8,"2,400"
SUVs,Seminole Frontier,0.2,110,0.244,7.7,130,AWD,20%,4,1.6,1.6,0.8,0.6,2,1.69,0.7,"2,200"
SUVs,Serrano,0.2,100,0.240,7,130,AWD,60%,6,1.7,1.7,0.4,0.65,2.1,1.8,0.9,"2,400"
SUVs,Squaddie,0.2,100,0.240,8,135,AWD,40%,5,1.6,1.6,0.315,0.65,1.9,1.65,0.1,"2,750"
SUVs,Toros,0.32,100,0.384,9,155,AWD,40%,8,5.8,5.8,0.8,0.6,2.3,2,0.8,"2,200"
SUVs,Vivanite,0.1095,100,0.131,6.8,156,AWD,70%,1,4,4,0.78,0.41,2.1785,2.062,1,"2,180"
SUVs,Vivanite (HSW),0.1095,135,0.139,6.8,156,AWD,70%,1,4,4,0.78,0.41,2.1785,2.062,1,"2,180"
SUVs,Woodlander,0.26,80,0.302,10.125,160.5,AWD,30%,5,1.2,1.25,0.485,0.5325,2.2015,2.01,0.3,"1,500"
SUVs,Woodlander (HSW),0.26,100,0.312,10.125,160.5,AWD,30%,5,1.2,1.25,0.485,0.5325,2.2015,2.01,0.3,"1,500"
SUVs,XLS,0.26,100,0.312,8,132,AWD,50%,6,1.6,1.6,0.58,0.65,2,1.65,0.2,"2,600"
SUVs,XLS (Armored),0.265,100,0.318,8,132,AWD,50%,6,1.8,1.8,0.59,0.65,2.05,1.65,0.1,"3,000"
Utility,Airtug,0.06,-,-,30,40,FWD,100%,1,1.3,1.3,0.3,0.45,1.15,0.95,1,"1,400"
Utility,Caddy,0.3,-,-,20,65,RWD,0%,1,1.3,1.3,0.2,0.5,1.5,1.35,0.5,600
Utility,Caddy (Bunker),0.3,-,-,55,65,RWD,0%,1,1.3,1.3,0.2,0.5,1.45,1.3,0,600
Utility,Caddy (Civilian),0.3,-,-,20,65,RWD,0%,1,1.3,1.3,0.2,0.5,1.45,1.25,0.5,600
Utility,Docktug,0.2,-,-,24,80,RWD,0%,5,1.3,1.3,0.5,0.5,1.4,1.25,1,"10,400"
Utility,Fieldmaster,0.15,-,-,56,45,RWD,0%,5,2.3,2.3,0.3,0.65,1.7,1.5,0,"6,500"
Utility,Forklift,0.18,-,-,40,30,RWD,0%,1,1.3,1.3,0.3,0.5,1.15,1.1,0.5,"6,000"
Utility,Keitora,0.1185,800,0.308,9.8,101,RWD,0%,4,1.1,1.2,0.285,0.62,1.61,1.425,0.35,670
Utility,Lawn Mower,0.05,-,-,40,20,FWD,100%,1,1.3,1.3,0.5,0.5,1.35,1.15,0,400
Utility,Ripley,0.16,-,-,15,70,RWD,0%,3,1.3,1.3,0.2,0.5,1.35,1.15,1,"9,500"
Utility,Sadler,0.2,100,0.240,8.5,130,AWD,20%,5,1.3,1.3,0.6,0.55,2.05,1.7,0.6,"2,100"
Utility,Scrap Truck,0.13,-,-,6,105,RWD,0%,5,1.3,1.3,0.25,0.6,1.6,1.45,1,"5,000"
Utility,Slamtruck,0.225,100,0.270,10,125,RWD,0%,4,1.3,1.3,0.6,0.47,1.71,1.42,0,"6,000"
Utility,Tow Truck (Large),0.15,-,-,6,105,RWD,0%,4,1.3,1.3,0.25,0.6,1.6,1.45,1,"5,000"
Utility,Tow Truck (Salvage Yard),0.175,-,-,5.8,115,RWD,0%,4,1.3,1.3,0.25,0.6,1.6,1.48,1,"4,950"
Utility,Tow Truck (Small),0.15,100,0.180,6,100,RWD,0%,4,1.5,1.8,0.25,0.6,1.45,1.35,1,"5,000"
Utility,Tractor,0.08,-,-,26,40,RWD,0%,3,1.3,1.3,0.3,0.65,1.2,1,0,"2,400"
Utility,Utility Truck (Cargo),0.12,-,-,6,115,RWD,0%,4,1.3,1.3,0.25,0.6,1.6,1.2,1,"6,500"
Utility,Utility Truck (Cherry Picker),0.12,-,-,6,115,RWD,0%,4,1.3,1.3,0.25,0.6,1.6,1.2,1,"7,500"
Utility,Utility Truck (Pickup),0.12,-,-,6,115,RWD,0%,4,1.3,1.3,0.25,0.6,1.6,1.2,1,"3,500"
Vans,Armored Boxville,0.32,-,-,15,120,RWD,0%,5,1.3,1.3,0.35,0.6,2.175,1.875,1,"7,500"
Vans,Bison,0.2,100,0.240,8.5,130,AWD,20%,5,1.3,1.3,0.6,0.55,2.05,1.8,0.6,"2,100"
Vans,Bobcat XL,0.18,100,0.216,8.5,130,RWD,0%,5,1.3,1.3,0.8,0.6,1.95,1.75,0.8,"2,600"
Vans,Boxville,0.11,-,-,6,100,RWD,0%,4,1.3,1.3,0.25,0.6,1.55,1.35,1,"5,500"
Vans,Bugstars Burrito,0.16,100,0.192,6,130,RWD,0%,5,1.3,1.4,0.6,0.64,1.95,1.7,1,"2,500"
Vans,Burrito,0.16,-,-,6,130,RWD,0%,5,1.3,1.4,0.6,0.64,1.95,1.7,1,"2,500"
Vans,Camper,0.12,-,-,6,100,FWD,100%,4,1.3,1.3,0.25,0.6,1.5,1.45,1,"4,000"
Vans,Clown Van,0.18,-,-,6,130,RWD,0%,5,1.5,1.3,0.6,0.64,1.8,1.55,1,"2,500"
Vans,Gang Burrito,0.18,100,0.216,6,140,RWD,0%,4,1.3,1.4,0.7,0.65,2.05,1.8,1,"2,500"
Vans,Gang Burrito (Lost),0.16,-,-,6,130,RWD,0%,5,1.3,1.4,0.6,0.64,1.95,1.7,1,"2,500"
Vans,Journey,0.13,-,-,6,100,FWD,100%,4,1.3,1.3,0.25,0.6,1.4,1.3,1,"4,000"
Vans,Journey II,0.13,100,0.156,6,100,FWD,100%,4,1.3,1.3,0.25,0.6,1.4,1.3,1,"4,000"
Vans,Minivan,0.15,100,0.180,6,125,AWD,60%,4,1.3,1.3,0.4,0.65,1.9,1.55,0.9,"2,000"
Vans,Minivan Custom,0.15,100,0.180,6,125,AWD,60%,4,1.5,1.5,0.45,0.65,1.925,1.55,0.9,"2,200"
Vans,Paradise,0.17,100,0.204,6,130,RWD,0%,5,1.3,1.3,0.4,0.64,1.95,1.7,1,"2,500"
Vans,Pony,0.16,-,-,6,130,RWD,0%,5,1.3,1.3,0.6,0.64,1.95,1.7,1,"2,500"
Vans,Pony (SOTW),0.16,100,0.192,6,130,RWD,0%,5,1.3,1.3,0.6,0.64,1.95,1.7,1,"2,500"
Vans,Rumpo,0.17,100,0.204,6,130,RWD,0%,5,1.3,1.3,0.4,0.64,1.95,1.7,1,"2,500"
Vans,Rumpo Custom,0.18,100,0.216,8,130,AWD,50%,5,1.5,1.5,0.3,0.65,2,1.7,0.1,"2,250"
Vans,Speedo,0.18,100,0.216,6,130,RWD,0%,5,1.5,1.3,0.6,0.64,1.8,1.55,1,"2,500"
Vans,Speedo Custom,0.2,100,0.240,6,130,RWD,0%,5,2,1.7,0.65,0.64,1.9,1.6,1,"2,500"
Vans,Surfer,0.1,100,0.120,13,100,RWD,0%,4,1.3,1.3,0.3,0.64,1.55,1.35,0.5,"2,500"
Vans,Surfer Beater,0.1,100,0.120,13,100,RWD,0%,4,1.3,1.3,0.3,0.64,1.55,1.35,0.5,"2,500"
Vans,Surfer Custom,0.1,180,0.136,13,100,RWD,0%,4,1.3,1.3,0.3,0.64,1.55,1.35,0.5,"2,500"
Vans,Taco Van,0.11,-,-,6,100,RWD,0%,4,1.3,1.3,0.25,0.6,1.55,1.25,1,"5,500"
Vans,Youga,0.14,300,0.224,6,120,RWD,0%,5,1.3,1.3,0.3,0.64,1.8,1.55,1,"2,500"
Vans,Youga Classic,0.14,100,0.168,6,120,RWD,0%,5,1.3,1.3,0.3,0.64,1.8,1.55,1,"2,500"
Vans,Youga Classic 4x4,0.17,100,0.204,6,120,RWD,0%,5,1.5,1.5,0.3,0.64,1.95,1.8,1,"2,700"
Vans,Youga Custom,0.158,100,0.190,6,128,RWD,0%,5,1.3,1.3,0.32,0.64,1.8,1.55,1,"2,500"